month,state,1978,1983,1988,1993,1998,2003,2008,2013,2018,2023
Apr,Alabama,9.83,7.33,9.83,7.72,9.83,10.44,10.33,10.0,7.89,10.56
Apr,Alaska,-7.89,-7.33,-8.56,-5.72,-5.06,-7.44,-9.72,-13.89,-7.39,-13.72
Apr,Arizona,5.33,3.28,5.83,6.06,3.56,4.78,5.39,6.67,8.28,5.56
Apr,Arkansas,10.22,6.72,8.06,7.78,8.72,9.5,8.56,8.17,6.11,9.33
Apr,California,5.11,4.06,6.11,6.17,4.44,4.11,4.61,7.06,6.83,5.67
Apr,Colorado,-0.44,-3.78,-1.56,-1.56,-2.44,-0.33,-3.39,-3.33,-1.44,-2.89
Apr,Connecticut,1.11,2.89,2.22,2.78,2.94,1.06,2.83,2.22,0.67,4.17
Apr,Delaware,4.78,5.0,4.78,5.17,6.72,5.44,7.17,6.39,4.89,8.5
Apr,Florida,13.78,12.44,14.06,11.89,14.78,14.39,14.39,15.72,14.61,16.89
Apr,Georgia,9.94,7.72,10.06,7.44,10.44,10.44,10.17,10.33,8.56,10.78
Apr,Idaho,-0.28,-2.89,-0.33,-1.28,-1.28,-1.11,-4.67,-2.06,-0.61,-2.83
Apr,Illinois,5.39,3.28,3.89,4.0,5.83,5.33,4.94,4.06,0.72,4.56
Apr,Indiana,4.39,3.17,3.39,3.94,5.33,5.17,4.94,4.11,1.06,4.33
Apr,Iowa,3.39,0.94,1.56,1.61,4.22,3.61,2.11,0.61,-2.22,2.44
Apr,Kansas,6.28,2.33,3.56,3.78,4.22,6.0,3.17,2.11,0.61,3.78
Apr,Kentucky,6.89,4.5,5.06,5.17,6.22,7.5,6.33,6.0,3.67,6.22
Apr,Louisiana,12.94,10.17,12.33,10.67,11.67,12.89,13.0,12.11,10.44,13.5
Apr,Maine,-2.72,0.17,-0.72,-1.44,-0.83,-4.11,-1.11,-2.11,-2.94,-0.44
Apr,Maryland,4.56,4.83,4.78,4.83,6.39,5.39,7.17,6.11,4.44,7.5
Apr,Massachusetts,0.44,2.44,1.94,1.94,2.17,0.5,2.0,1.61,0.22,3.78
Apr,Michigan,-1.39,-0.94,-0.28,-0.83,1.0,-1.33,1.17,-1.11,-3.83,1.17
Apr,Minnesota,-0.67,-1.67,-1.67,-1.5,1.28,-0.5,-1.67,-4.0,-5.72,-2.0
Apr,Mississippi,10.83,8.28,10.44,8.61,10.28,11.06,10.5,10.11,7.78,11.28
Apr,Missouri,7.44,3.83,4.89,5.0,6.17,7.17,5.17,4.83,2.28,5.94
Apr,Montana,-0.22,-3.39,-1.22,-1.11,-0.5,0.06,-4.39,-3.78,-3.44,-2.56
Apr,Nebraska,3.0,-0.33,0.44,1.33,1.56,3.33,-0.22,-1.28,-2.11,0.44
Apr,Nevada,1.0,-0.72,1.78,1.28,-0.22,0.22,-0.83,1.28,2.28,0.33
Apr,New Hampshire,-2.33,0.28,-0.22,-0.5,-0.39,-2.61,-0.67,-1.17,-2.17,1.0
Apr,New Jersey,3.17,4.17,3.56,4.11,5.0,3.56,5.39,4.61,2.83,6.39
Apr,New Mexico,2.72,-0.44,1.44,2.06,0.17,2.22,1.0,2.0,3.22,1.56
Apr,New York,-1.33,0.56,0.78,1.0,1.28,-0.83,1.94,0.22,-2.06,2.11
Apr,North Carolina,7.78,5.89,6.72,5.94,8.28,7.94,8.72,8.33,6.28,8.67
Apr,North Dakota,-0.17,-2.67,-2.33,-1.56,1.0,0.0,-3.28,-5.94,-5.78,-4.0
Apr,Ohio,3.22,3.06,2.89,3.5,4.22,4.44,5.0,3.67,1.28,4.22
Apr,Oklahoma,9.78,5.39,6.72,6.72,6.72,8.39,6.94,5.72,4.33,7.28
Apr,Oregon,0.94,-0.39,1.61,1.06,0.61,0.06,-2.0,0.44,1.0,-0.11
Apr,Pennsylvania,1.06,2.17,1.89,2.17,3.06,2.17,3.67,2.67,0.39,3.56
Apr,Rhode Island,1.78,3.39,2.83,3.33,3.56,1.5,3.56,2.89,1.56,5.06
Apr,South Carolina,9.78,7.22,8.94,7.11,10.28,10.0,9.78,10.11,8.33,10.33
Apr,South Dakota,1.22,-1.83,-0.89,0.06,1.11,1.78,-1.89,-3.61,-4.06,-1.89
Apr,Tennessee,7.89,4.72,6.33,5.89,7.61,8.5,7.44,7.11,4.89,7.44
Apr,Texas,12.33,8.44,9.44,9.67,9.28,11.61,10.5,9.39,9.0,10.78
Apr,Utah,1.39,-1.33,1.22,0.39,-0.33,0.61,-1.83,0.0,1.67,-0.61
Apr,Vermont,-2.94,-0.39,-0.22,-0.61,-0.78,-2.67,-0.11,-1.39,-2.72,0.72
Apr,Virginia,5.5,4.78,4.89,4.67,6.28,6.11,7.11,6.44,4.44,6.89
Apr,Washington,2.0,0.83,2.5,2.28,1.56,1.83,-0.94,1.5,2.06,0.94
Apr,West Virginia,4.0,3.22,3.28,3.0,4.11,5.0,5.61,4.22,2.0,3.94
Apr,Wisconsin,-0.67,-1.17,-0.5,-1.33,1.67,-0.89,0.33,-1.78,-5.44,0.39
Apr,Wyoming,-1.56,-4.72,-2.44,-2.94,-2.89,-1.22,-5.72,-5.44,-3.22,-4.56
Aug,Alabama,20.22,20.67,20.83,20.72,20.39,21.06,20.22,20.33,20.78,21.61
Aug,Alaska,6.11,4.94,5.89,6.17,5.11,5.89,4.56,6.5,6.44,8.0
Aug,Arizona,17.0,17.94,18.17,17.83,19.22,19.33,18.94,18.56,19.22,19.5
Aug,Arkansas,19.61,21.11,20.67,21.28,20.89,21.17,20.0,20.0,20.44,21.44
Aug,California,15.06,15.89,15.39,14.72,16.5,16.0,16.44,15.44,16.56,16.61
Aug,Colorado,9.22,12.5,11.28,10.22,11.0,11.94,11.06,11.61,10.72,11.78
Aug,Connecticut,16.0,15.22,16.72,15.72,15.89,17.22,13.78,14.72,18.5,15.72
Aug,Delaware,19.89,18.22,19.94,18.44,18.11,19.67,16.72,18.0,20.78,19.22
Aug,Florida,21.94,22.5,22.39,22.17,22.89,22.61,22.89,23.06,22.94,24.17
Aug,Georgia,20.22,20.72,20.83,20.5,20.17,21.11,20.72,20.67,20.89,21.56
Aug,Idaho,7.78,11.44,8.11,7.33,10.17,10.89,9.17,10.78,9.5,10.89
Aug,Illinois,16.56,19.11,18.89,18.33,18.17,17.78,16.0,16.56,18.11,17.39
Aug,Indiana,16.28,18.39,18.06,17.28,17.39,17.33,15.33,15.78,17.94,16.33
Aug,Iowa,15.17,18.72,17.33,16.78,17.44,16.61,14.67,15.78,16.22,16.39
Aug,Kansas,17.28,20.78,18.72,18.44,18.61,19.28,17.89,18.56,17.83,18.44
Aug,Kentucky,18.11,19.17,18.72,18.11,17.72,18.67,16.56,17.72,19.0,18.17
Aug,Louisiana,21.61,22.61,22.33,22.78,22.89,22.72,22.33,22.22,22.28,24.44
Aug,Maine,10.78,11.94,13.17,12.06,11.44,13.56,12.0,11.5,14.11,12.33
Aug,Maryland,19.33,18.0,19.28,18.06,17.78,19.5,16.44,17.33,20.0,18.5
Aug,Massachusetts,15.22,14.67,16.22,14.78,15.22,16.78,13.78,14.0,17.94,15.0
Aug,Michigan,12.83,14.72,14.83,14.11,14.17,14.0,12.22,12.78,15.11,12.72
Aug,Minnesota,12.89,15.56,14.17,13.5,14.17,14.39,12.44,13.11,13.56,13.56
Aug,Mississippi,20.61,21.56,21.28,21.56,21.28,21.44,20.5,20.72,21.06,22.61
Aug,Missouri,17.56,20.17,19.11,19.33,19.06,19.33,17.39,17.94,18.78,19.06
Aug,Montana,8.39,12.39,9.06,8.17,11.33,12.28,9.72,11.22,9.5,11.39
Aug,Nebraska,14.06,18.28,15.39,15.17,16.17,16.44,15.0,16.61,14.61,15.94
Aug,Nevada,11.44,13.67,12.89,11.5,13.56,14.0,13.67,13.17,13.94,13.61
Aug,New Hampshire,12.17,12.17,13.56,12.67,12.39,14.22,11.78,11.72,15.11,12.5
Aug,New Jersey,18.5,17.22,18.33,17.17,17.28,18.78,15.33,16.61,19.83,17.5
Aug,New Mexico,12.89,14.61,14.5,14.11,14.11,15.06,14.11,14.72,14.78,15.94
Aug,New York,13.83,13.78,14.44,13.72,14.0,15.0,12.33,12.83,16.22,13.44
Aug,North Carolina,19.28,18.94,20.06,18.72,18.67,20.22,18.33,18.67,19.89,19.56
Aug,North Dakota,11.33,14.94,12.39,11.67,14.11,14.39,12.67,13.11,11.78,13.06
Aug,Ohio,16.11,17.0,17.22,16.22,16.33,16.94,14.78,15.39,17.89,15.72
Aug,Oklahoma,20.0,21.72,20.72,20.94,20.78,21.11,20.22,20.5,20.44,21.39
Aug,Oregon,9.67,11.0,8.61,8.61,10.44,10.39,9.78,10.67,10.39,11.83
Aug,Pennsylvania,15.67,15.06,15.61,14.72,14.78,16.0,12.67,13.78,17.11,14.78
Aug,Rhode Island,16.61,16.17,17.72,16.22,16.5,18.06,14.78,15.28,19.17,16.33
Aug,South Carolina,20.61,20.56,21.22,20.39,20.17,21.5,20.61,20.44,21.17,21.5
Aug,South Dakota,13.22,17.11,14.28,13.28,15.33,15.78,14.39,15.22,13.56,14.78
Aug,Tennessee,18.61,19.39,19.22,18.83,18.5,19.44,17.56,18.56,19.17,19.0
Aug,Texas,20.67,21.39,21.17,21.39,21.44,21.44,21.0,21.56,21.72,23.22
Aug,Utah,11.61,14.33,12.94,11.94,13.94,14.72,13.72,14.06,14.39,14.06
Aug,Vermont,11.89,11.94,13.17,12.44,12.17,14.11,11.44,11.67,14.67,12.22
Aug,Virginia,18.33,17.56,18.39,17.33,17.22,19.0,16.06,17.0,18.67,17.83
Aug,Washington,10.5,11.28,9.83,10.11,11.39,10.89,10.72,12.06,11.5,12.56
Aug,West Virginia,16.78,16.17,16.56,15.78,15.39,17.06,14.06,15.22,17.06,15.72
Aug,Wisconsin,13.06,15.33,15.17,14.17,14.39,14.39,12.11,13.06,14.33,13.44
Aug,Wyoming,7.44,12.06,8.78,7.44,10.0,11.5,9.11,10.72,8.94,10.28
Dec,Alabama,1.11,-0.22,1.33,1.61,5.56,-0.22,3.94,3.11,4.44,
Dec,Alaska,-15.89,-15.22,-16.0,-14.39,-19.33,-18.89,-18.11,-17.39,-16.0,
Dec,Arizona,-3.0,0.61,-2.22,-2.11,-1.39,-1.28,-0.67,-1.72,-0.67,
Dec,Arkansas,-1.0,-5.39,-0.39,0.22,1.44,-0.06,-1.17,-0.78,2.0,
Dec,California,-1.67,3.11,0.17,0.44,-0.5,1.78,0.22,0.0,2.06,
Dec,Colorado,-14.11,-12.72,-10.94,-9.89,-10.33,-9.06,-10.44,-11.78,-10.0,
Dec,Connecticut,-5.67,-6.61,-6.94,-5.61,-2.89,-4.56,-4.83,-5.17,-3.44,
Dec,Delaware,-1.89,-3.11,-2.94,-2.28,0.22,-1.72,-0.61,-0.33,0.61,
Dec,Florida,10.61,9.0,8.28,6.78,12.33,6.56,10.44,12.5,11.11,
Dec,Georgia,2.22,0.83,1.11,1.44,5.94,-0.22,4.83,4.83,4.94,
Dec,Idaho,-12.78,-12.11,-9.83,-8.17,-9.44,-6.06,-9.89,-10.89,-8.56,
Dec,Illinois,-6.0,-12.06,-6.11,-3.89,-3.28,-3.22,-8.33,-8.11,-3.0,
Dec,Indiana,-4.67,-10.28,-6.06,-3.89,-2.5,-3.11,-6.78,-6.06,-2.28,
Dec,Iowa,-11.72,-17.83,-9.28,-7.94,-7.11,-6.33,-13.56,-13.28,-6.39,
Dec,Kansas,-7.89,-13.67,-5.39,-4.44,-5.22,-4.44,-8.0,-8.44,-4.89,
Dec,Kentucky,-2.61,-6.17,-3.33,-2.0,-0.33,-2.11,-3.11,-2.06,0.17,
Dec,Louisiana,3.94,1.44,4.39,4.44,7.0,2.94,5.33,4.39,6.56,
Dec,Maine,-12.56,-12.44,-13.72,-9.89,-8.28,-9.83,-12.06,-12.61,-11.56,
Dec,Maryland,-2.33,-4.0,-3.44,-3.0,0.06,-2.17,-1.5,-1.17,-0.56,
Dec,Massachusetts,-6.56,-7.33,-7.83,-5.94,-3.33,-5.11,-5.28,-6.06,-4.5,
Dec,Michigan,-9.5,-12.89,-9.0,-7.44,-6.0,-5.67,-10.5,-11.0,-5.11,
Dec,Minnesota,-19.06,-23.28,-15.11,-13.17,-12.17,-10.72,-19.67,-20.17,-10.78,
Dec,Mississippi,1.11,-0.5,1.72,2.0,4.94,0.44,3.11,2.56,4.33,
Dec,Missouri,-5.22,-11.89,-4.72,-3.17,-3.06,-2.39,-6.56,-6.5,-2.22,
Dec,Montana,-15.89,-21.17,-10.22,-7.89,-11.06,-8.94,-15.5,-14.11,-8.83,
Dec,Nebraska,-13.06,-18.33,-8.0,-6.78,-8.89,-6.5,-12.5,-12.0,-7.67,
Dec,Nevada,-9.17,-3.72,-7.78,-6.67,-7.44,-4.61,-7.61,-8.94,-5.39,
Dec,New Hampshire,-11.11,-11.17,-12.28,-9.11,-6.67,-9.56,-9.61,-10.0,-9.06,
Dec,New Jersey,-3.28,-4.61,-4.78,-3.67,-0.83,-2.83,-2.56,-2.5,-1.17,
Dec,New Mexico,-7.22,-6.44,-7.11,-6.5,-5.22,-5.78,-5.0,-6.11,-5.0,
Dec,New York,-7.94,-9.72,-9.28,-8.5,-4.61,-7.0,-7.78,-8.06,-6.0,
Dec,North Carolina,-0.56,-1.67,-1.94,-1.33,2.72,-1.72,2.11,1.33,2.06,
Dec,North Dakota,-19.33,-23.94,-14.5,-13.61,-13.11,-11.39,-20.33,-20.11,-10.83,
Dec,Ohio,-4.61,-8.33,-5.89,-4.11,-2.17,-3.28,-5.44,-4.11,-2.22,
Dec,Oklahoma,-4.22,-8.72,-1.89,-1.17,-1.22,-1.06,-3.39,-4.61,-1.06,
Dec,Oregon,-7.33,-5.39,-4.61,-3.22,-5.22,-2.11,-5.44,-6.5,-3.78,
Dec,Pennsylvania,-5.67,-7.56,-6.5,-5.89,-2.94,-4.94,-5.33,-5.0,-2.89,
Dec,Rhode Island,-4.5,-5.33,-5.61,-4.33,-1.94,-3.17,-3.39,-3.94,-2.78,
Dec,South Carolina,1.5,0.5,0.0,0.5,4.94,-1.0,4.5,3.83,4.0,
Dec,South Dakota,-15.5,-21.61,-10.78,-9.72,-10.22,-7.94,-15.83,-16.17,-9.11,
Dec,Tennessee,-2.17,-4.44,-2.11,-0.89,1.11,-1.78,-1.0,-0.56,1.39,
Dec,Texas,0.61,-2.83,2.0,2.83,2.61,1.56,1.28,0.5,3.0,
Dec,Utah,-11.56,-7.0,-9.5,-8.33,-9.06,-6.28,-8.61,-10.83,-7.83,
Dec,Vermont,-11.17,-12.17,-12.78,-10.33,-7.0,-10.78,-10.33,-10.28,-10.0,
Dec,Virginia,-2.33,-3.89,-3.67,-3.06,0.11,-2.83,-0.94,-0.94,-0.61,
Dec,Washington,-7.33,-8.28,-3.5,-2.33,-4.11,-3.0,-6.56,-5.67,-2.39,
Dec,West Virginia,-4.33,-6.06,-5.33,-3.72,-2.11,-4.17,-3.78,-2.67,-1.94,
Dec,Wisconsin,-14.72,-18.78,-12.5,-9.28,-9.0,-8.5,-16.56,-16.0,-7.39,
Dec,Wyoming,-17.5,-18.17,-11.94,-10.56,-12.0,-9.44,-13.61,-13.67,-11.67,
Feb,Alabama,-2.61,2.67,0.33,1.5,3.72,2.89,2.28,2.89,8.83,7.44
Feb,Alaska,-16.0,-17.33,-17.11,-16.06,-16.0,-11.78,-21.44,-18.22,-14.67,-18.61
Feb,Arizona,0.94,1.0,0.83,1.33,-0.28,1.17,0.06,-1.78,0.61,-1.72
Feb,Arkansas,-5.0,1.17,-1.11,-0.78,2.67,-0.33,0.5,0.78,2.22,3.72
Feb,California,3.22,3.61,1.78,1.94,2.33,1.83,1.5,0.61,1.22,-0.11
Feb,Colorado,-9.89,-7.44,-9.83,-9.72,-7.44,-9.72,-9.44,-10.78,-9.0,-11.0
Feb,Connecticut,-12.33,-6.67,-7.5,-10.61,-2.83,-9.5,-6.11,-5.83,-3.0,-4.61
Feb,Delaware,-9.33,-3.28,-2.94,-5.22,0.72,-4.39,-2.0,-2.28,0.94,0.33
Feb,Florida,4.94,8.67,7.11,8.33,9.72,9.67,10.5,10.17,15.11,13.22
Feb,Georgia,-1.56,2.61,0.94,2.06,4.33,3.17,2.83,3.06,9.39,8.0
Feb,Idaho,-5.39,-5.39,-7.39,-10.5,-6.22,-8.0,-7.5,-7.56,-8.11,-10.06
Feb,Illinois,-13.44,-3.39,-8.61,-7.33,0.67,-7.78,-7.56,-5.67,-5.56,-3.39
Feb,Indiana,-15.33,-4.17,-7.89,-8.06,-0.28,-7.83,-6.39,-5.33,-3.5,-2.56
Feb,Iowa,-16.89,-5.78,-13.17,-11.11,-1.94,-12.44,-13.22,-9.0,-11.56,-9.06
Feb,Kansas,-11.11,-3.44,-7.28,-7.22,-1.06,-6.89,-6.28,-5.78,-7.17,-6.11
Feb,Kentucky,-10.17,-2.22,-4.5,-4.67,1.17,-3.22,-1.94,-3.0,1.5,1.56
Feb,Louisiana,0.06,5.06,4.56,4.83,6.0,5.33,6.11,6.78,10.89,9.22
Feb,Maine,-17.17,-12.78,-14.89,-20.61,-9.94,-16.78,-13.0,-11.5,-11.11,-13.61
Feb,Maryland,-9.06,-3.78,-3.72,-5.56,0.17,-4.89,-2.67,-3.06,0.22,0.17
Feb,Massachusetts,-13.11,-7.39,-8.5,-11.94,-3.72,-10.17,-6.72,-6.17,-4.0,-5.39
Feb,Michigan,-16.89,-7.11,-13.67,-13.22,-3.89,-14.0,-12.72,-10.61,-9.89,-7.78
Feb,Minnesota,-20.61,-10.11,-20.17,-16.78,-5.39,-18.5,-18.56,-16.0,-19.5,-16.22
Feb,Mississippi,-2.78,3.06,1.17,1.83,4.28,2.83,3.28,3.61,8.28,7.33
Feb,Missouri,-10.78,-2.44,-7.33,-6.06,0.61,-5.67,-5.44,-3.94,-4.0,-2.06
Feb,Montana,-13.78,-6.06,-10.72,-15.56,-6.44,-11.44,-10.33,-7.72,-17.67,-10.56
Feb,Nebraska,-14.56,-5.33,-10.33,-12.33,-3.22,-10.22,-9.67,-8.0,-12.11,-9.11
Feb,Nevada,-3.17,-2.78,-4.94,-6.0,-3.78,-5.06,-4.78,-5.89,-6.11,-6.67
Feb,New Hampshire,-17.33,-11.17,-12.94,-18.11,-8.0,-14.5,-10.78,-9.5,-8.5,-10.06
Feb,New Jersey,-10.83,-4.94,-5.0,-7.22,-0.67,-6.72,-3.56,-3.89,-0.94,-1.78
Feb,New Mexico,-4.89,-3.89,-4.44,-3.44,-3.94,-3.5,-4.22,-6.0,-3.28,-5.06
Feb,New York,-16.39,-9.17,-11.39,-15.89,-5.83,-12.83,-9.56,-9.11,-6.72,-7.89
Feb,North Carolina,-4.94,-0.78,-1.44,-1.61,2.33,-0.17,1.17,-0.39,5.22,4.72
Feb,North Dakota,-19.89,-9.61,-17.61,-17.78,-6.0,-18.94,-18.44,-13.44,-20.78,-15.56
Feb,Ohio,-15.0,-4.5,-7.33,-8.06,-0.33,-7.89,-6.61,-5.78,-2.44,-2.39
Feb,Oklahoma,-6.44,-0.17,-3.06,-2.22,1.39,-2.5,-2.0,-1.61,-1.89,-0.5
Feb,Oregon,-0.94,-0.11,-3.06,-6.17,-1.67,-3.5,-3.0,-3.22,-4.39,-5.11
Feb,Pennsylvania,-13.89,-6.44,-8.0,-10.17,-2.22,-9.0,-7.22,-6.78,-3.89,-4.0
Feb,Rhode Island,-11.11,-5.33,-5.89,-9.44,-2.11,-8.33,-4.94,-5.0,-1.72,-4.06
Feb,South Carolina,-2.39,1.22,0.39,1.33,4.0,2.0,3.11,1.94,8.33,7.22
Feb,South Dakota,-17.44,-7.0,-14.22,-15.33,-4.17,-13.44,-13.78,-10.17,-17.83,-11.78
Feb,Tennessee,-7.06,-0.67,-3.39,-2.61,2.33,-0.89,-0.11,-0.67,3.83,3.67
Feb,Texas,-0.94,2.78,1.78,3.11,4.11,2.94,3.33,3.56,4.44,4.11
Feb,Utah,-4.94,-4.61,-7.17,-7.22,-5.17,-6.33,-6.78,-8.67,-6.39,-9.06
Feb,Vermont,-19.44,-12.28,-14.0,-19.89,-8.83,-15.89,-11.61,-10.11,-9.22,-11.0
Feb,Virginia,-7.94,-3.33,-3.78,-4.28,0.39,-2.94,-1.33,-2.67,1.72,1.83
Feb,Washington,-1.0,-0.11,-2.44,-5.5,-0.39,-2.67,-2.28,-2.0,-3.89,-3.78
Feb,West Virginia,-11.89,-4.94,-6.0,-6.28,-0.22,-4.67,-3.78,-4.89,-0.17,-1.0
Feb,Wisconsin,-18.89,-7.67,-17.0,-13.72,-4.17,-16.33,-16.22,-13.44,-14.72,-11.22
Feb,Wyoming,-12.33,-8.61,-11.22,-15.28,-8.67,-12.78,-10.78,-11.33,-13.5,-12.89
Jan,Alabama,-2.89,0.11,-0.67,4.22,3.22,-2.0,0.06,4.61,-1.67,4.83
Jan,Alaska,-14.06,-22.06,-17.06,-20.0,-21.0,-15.94,-21.56,-15.61,-17.5,-14.94
Jan,Arizona,0.5,-1.0,-2.0,1.28,-0.44,1.44,-2.17,-3.56,0.67,-1.61
Jan,Arkansas,-6.0,-1.39,-3.78,-0.78,2.33,-3.22,-1.89,0.33,-3.72,2.5
Jan,California,3.44,1.72,0.72,0.56,2.67,4.33,0.33,-0.56,3.94,1.06
Jan,Colorado,-10.67,-8.89,-13.94,-10.67,-8.72,-7.39,-13.11,-12.72,-9.06,-10.28
Jan,Connecticut,-9.67,-7.44,-11.11,-6.0,-3.5,-10.28,-6.33,-6.56,-8.72,-1.0
Jan,Delaware,-5.5,-2.89,-6.78,-0.89,0.61,-5.61,-2.33,-1.78,-4.89,1.56
Jan,Florida,5.22,6.83,7.11,12.5,10.22,4.06,8.5,11.78,6.72,9.78
Jan,Georgia,-2.0,0.22,-0.5,5.06,4.0,-0.78,1.22,5.28,-0.67,4.39
Jan,Idaho,-5.89,-5.94,-10.72,-11.94,-6.28,-4.33,-11.56,-11.5,-5.11,-8.89
Jan,Illinois,-13.67,-5.22,-9.72,-6.39,-3.72,-9.83,-8.22,-6.67,-9.67,-2.39
Jan,Indiana,-12.89,-4.89,-9.28,-4.89,-1.78,-10.28,-7.44,-6.0,-9.06,-1.17
Jan,Iowa,-18.56,-8.78,-14.67,-12.72,-8.44,-12.56,-13.44,-11.0,-12.94,-8.17
Jan,Kansas,-12.83,-5.39,-9.67,-8.56,-4.94,-7.06,-7.83,-6.56,-8.67,-5.39
Jan,Kentucky,-10.0,-3.44,-6.06,-1.67,0.67,-6.78,-4.56,-2.28,-6.72,0.78
Jan,Louisiana,-0.06,2.78,1.33,5.67,6.72,1.56,3.56,6.39,0.83,7.83
Jan,Maine,-15.67,-13.28,-16.22,-14.89,-12.39,-17.83,-12.78,-14.61,-14.5,-8.33
Jan,Maryland,-6.78,-3.33,-7.56,-1.56,0.06,-6.11,-2.94,-2.28,-6.0,0.94
Jan,Massachusetts,-9.94,-8.0,-11.56,-6.89,-4.56,-12.11,-7.28,-7.39,-9.22,-2.0
Jan,Michigan,-13.67,-9.0,-12.83,-10.11,-7.39,-12.5,-9.06,-9.28,-11.06,-4.72
Jan,Minnesota,-22.72,-14.5,-21.22,-19.17,-14.11,-17.22,-18.5,-16.83,-17.28,-13.44
Jan,Mississippi,-2.72,0.61,-1.17,3.78,4.06,-1.56,0.56,4.33,-1.56,5.56
Jan,Missouri,-11.89,-4.44,-7.94,-6.06,-2.39,-8.0,-6.67,-4.67,-8.0,-2.11
Jan,Montana,-17.0,-8.06,-14.11,-16.61,-12.72,-9.72,-14.11,-11.0,-11.06,-9.83
Jan,Nebraska,-17.0,-7.22,-14.44,-12.94,-9.0,-9.72,-12.06,-10.06,-11.17,-8.67
Jan,Nevada,-3.44,-4.44,-8.06,-8.33,-3.72,-1.78,-8.0,-10.0,-2.61,-6.39
Jan,New Hampshire,-14.06,-12.11,-15.33,-11.11,-9.44,-16.94,-11.06,-12.17,-12.83,-5.22
Jan,New Jersey,-7.67,-4.78,-9.39,-2.61,-0.61,-7.28,-3.56,-3.33,-6.94,0.78
Jan,New Mexico,-5.67,-6.0,-7.89,-3.56,-4.94,-4.17,-7.5,-8.0,-6.5,-5.11
Jan,New York,-12.72,-10.0,-12.5,-8.61,-6.61,-14.44,-7.94,-9.11,-12.5,-4.17
Jan,North Carolina,-4.44,-1.56,-4.06,1.33,1.61,-3.22,-1.56,1.11,-4.33,2.22
Jan,North Dakota,-24.72,-12.33,-19.94,-20.0,-16.78,-17.22,-18.67,-16.83,-16.94,-15.06
Jan,Ohio,-12.0,-5.5,-9.0,-3.78,-1.44,-9.78,-6.28,-5.33,-8.72,-0.94
Jan,Oklahoma,-8.61,-2.72,-5.44,-3.28,-0.67,-3.78,-3.5,-2.22,-5.0,-1.22
Jan,Oregon,-1.44,-1.67,-5.22,-7.33,-1.56,0.11,-6.22,-6.11,-0.89,-4.22
Jan,Pennsylvania,-10.83,-6.61,-11.0,-4.78,-2.5,-10.33,-6.0,-6.0,-10.22,-1.33
Jan,Rhode Island,-8.72,-6.17,-9.22,-5.33,-2.72,-8.89,-5.0,-5.56,-7.33,-0.61
Jan,South Carolina,-2.67,-0.28,-1.78,3.67,3.39,-1.06,0.61,3.78,-2.0,4.11
Jan,South Dakota,-21.78,-9.33,-16.89,-16.28,-12.67,-12.89,-15.22,-12.67,-13.89,-11.44
Jan,Tennessee,-7.61,-2.39,-4.83,0.06,1.44,-5.33,-3.17,0.11,-5.06,1.89
Jan,Texas,-2.33,0.44,-1.0,1.67,3.39,0.94,0.67,2.44,-1.17,3.72
Jan,Utah,-5.61,-6.56,-11.39,-8.5,-5.67,-4.44,-10.89,-12.72,-5.72,-8.11
Jan,Vermont,-15.11,-12.83,-15.5,-11.89,-10.39,-18.0,-11.0,-12.89,-13.89,-6.06
Jan,Virginia,-7.28,-3.5,-7.0,-1.06,0.0,-5.39,-3.5,-1.61,-6.28,0.67
Jan,Washington,-3.0,-1.06,-4.89,-7.56,-3.0,-0.5,-6.11,-4.67,-0.83,-2.28
Jan,West Virginia,-10.44,-5.5,-8.72,-2.17,-1.11,-7.94,-6.0,-3.83,-8.44,-0.78
Jan,Wisconsin,-18.94,-11.61,-18.0,-14.67,-10.11,-15.06,-14.39,-13.61,-14.44,-7.94
Jan,Wyoming,-14.0,-8.78,-14.56,-14.56,-10.78,-8.11,-14.83,-12.94,-9.78,-12.0
Jul,Alabama,20.78,20.61,20.44,21.39,22.06,20.67,20.22,20.67,21.56,21.67
Jul,Alaska,7.17,7.33,7.61,8.72,8.17,7.22,6.44,8.11,8.33,8.94
Jul,Arizona,18.39,18.33,19.28,17.5,19.33,20.28,19.5,20.17,20.17,20.94
Jul,Arkansas,21.22,20.83,20.56,22.22,22.67,20.94,20.61,19.39,21.67,21.61
Jul,California,15.39,14.06,17.0,14.39,16.22,17.5,16.5,17.44,18.39,17.67
Jul,Colorado,11.44,11.72,11.44,10.5,12.89,13.11,11.94,12.33,12.67,12.28
Jul,Connecticut,14.28,15.5,16.89,16.0,15.83,16.06,17.33,19.5,17.5,18.39
Jul,Delaware,17.61,18.33,19.72,20.28,18.56,19.44,19.39,21.44,19.78,20.83
Jul,Florida,22.22,22.17,21.89,22.33,23.22,22.44,22.22,22.61,23.06,23.83
Jul,Georgia,20.61,20.67,20.22,21.56,22.06,20.83,20.33,21.06,21.44,21.72
Jul,Idaho,9.5,8.72,10.17,6.39,11.83,11.78,9.94,11.67,11.0,11.22
Jul,Illinois,18.11,19.61,18.28,19.78,18.78,17.83,17.83,17.33,18.17,18.11
Jul,Indiana,17.28,18.72,17.61,19.33,17.5,16.94,17.0,17.0,17.5,17.5
Jul,Iowa,16.89,18.67,17.06,17.5,17.61,16.78,17.06,16.22,16.89,16.0
Jul,Kansas,19.39,19.67,18.56,19.22,20.28,19.72,18.89,18.22,19.06,18.89
Jul,Kentucky,18.39,18.94,18.39,20.11,19.17,18.28,17.5,17.94,18.89,19.17
Jul,Louisiana,22.28,22.28,22.22,22.94,23.83,22.33,22.33,21.67,23.22,23.72
Jul,Maine,12.0,12.61,13.94,12.39,12.72,13.06,13.94,14.28,14.11,15.89
Jul,Maryland,17.28,18.0,19.22,19.72,18.17,19.0,18.67,20.56,19.06,20.11
Jul,Massachusetts,13.94,15.06,16.33,14.94,15.33,15.89,16.89,18.78,16.78,18.11
Jul,Michigan,12.56,15.61,14.33,14.67,13.5,13.22,13.89,14.28,14.72,13.94
Jul,Minnesota,13.83,16.39,14.83,13.83,14.39,14.06,13.78,14.5,14.83,12.83
Jul,Mississippi,21.33,21.22,21.11,22.17,22.72,21.11,20.67,20.56,22.11,22.44
Jul,Missouri,19.72,19.78,18.94,20.5,20.44,19.33,19.11,17.83,19.33,19.28
Jul,Montana,10.0,10.33,10.78,8.11,12.5,12.0,10.39,11.33,10.78,11.17
Jul,Nebraska,16.11,17.0,16.06,15.5,17.67,16.67,16.44,15.83,16.44,15.72
Jul,Nevada,12.72,11.44,14.78,11.0,14.22,15.56,14.22,15.89,16.17,15.33
Jul,New Hampshire,11.89,12.56,14.22,12.89,12.94,13.44,14.11,15.72,14.22,15.89
Jul,New Jersey,16.33,17.56,18.61,18.44,17.5,18.06,18.44,20.61,18.67,19.5
Jul,New Mexico,15.0,14.28,14.28,14.78,15.61,15.83,15.06,15.56,15.94,16.83
Jul,New York,13.11,14.17,15.28,14.78,14.0,14.22,14.83,16.33,15.33,15.78
Jul,North Carolina,18.56,18.89,18.94,20.67,19.89,19.67,18.61,20.33,19.67,20.33
Jul,North Dakota,12.89,15.0,13.72,11.5,14.06,13.67,13.0,13.44,13.56,12.33
Jul,Ohio,16.44,17.61,17.0,17.83,16.22,16.22,16.28,17.28,17.22,17.33
Jul,Oklahoma,22.11,20.78,20.61,22.33,22.61,21.39,20.94,20.0,21.33,21.22
Jul,Oregon,10.22,9.06,10.17,7.17,12.0,11.72,10.0,11.56,11.33,11.39
Jul,Pennsylvania,14.17,14.83,15.94,16.0,14.56,14.89,15.39,17.11,15.78,16.5
Jul,Rhode Island,15.11,16.44,17.33,16.22,16.67,16.89,18.28,20.22,17.83,19.06
Jul,South Carolina,20.5,20.67,20.28,22.11,21.89,21.06,20.33,21.5,21.33,21.89
Jul,South Dakota,14.67,16.5,15.78,13.56,16.22,15.56,15.17,15.06,15.44,14.11
Jul,Tennessee,19.0,19.0,19.0,20.39,20.39,19.0,18.33,18.56,19.94,19.56
Jul,Texas,22.06,21.28,21.0,22.22,23.11,21.39,21.17,21.06,22.22,23.11
Jul,Utah,13.22,13.39,14.94,11.61,15.0,16.22,14.94,15.67,16.39,15.67
Jul,Vermont,11.61,12.22,14.0,12.83,12.56,13.06,13.56,15.22,13.78,15.17
Jul,Virginia,16.94,17.06,17.78,19.22,17.89,18.22,17.28,19.28,18.22,19.06
Jul,Washington,10.83,9.83,10.11,9.44,13.39,11.22,10.44,11.61,11.67,11.78
Jul,West Virginia,15.72,15.61,15.83,17.17,15.89,16.0,14.94,16.89,16.17,16.67
Jul,Wisconsin,13.78,16.22,14.89,14.61,14.22,13.72,14.11,14.44,14.61,13.56
Jul,Wyoming,9.44,10.0,11.0,7.0,11.78,11.83,10.39,11.33,11.0,10.44
Jun,Alabama,19.22,18.0,17.22,18.94,20.56,18.72,19.33,20.11,20.39,18.78
Jun,Alaska,4.17,5.06,5.39,5.67,5.39,5.61,4.78,6.39,5.33,5.56
Jun,Arizona,15.0,13.17,15.83,14.06,12.83,15.39,15.67,16.89,16.5,13.22
Jun,Arkansas,18.44,17.17,16.83,19.17,20.67,17.39,19.72,19.28,20.67,18.89
Jun,California,12.39,12.0,12.39,12.22,11.39,13.56,13.06,14.22,13.5,11.94
Jun,Colorado,8.61,7.11,10.22,7.44,6.72,7.61,7.5,9.39,10.06,8.06
Jun,Connecticut,11.72,12.56,11.5,12.44,13.33,12.83,14.33,14.06,13.22,12.78
Jun,Delaware,15.33,15.67,15.11,16.0,16.44,15.94,17.83,17.78,17.39,15.44
Jun,Florida,21.39,20.72,20.39,20.94,22.44,21.94,21.33,22.39,22.33,21.5
Jun,Georgia,19.11,17.61,17.11,19.06,20.17,18.83,19.39,20.11,20.33,18.28
Jun,Idaho,5.39,5.89,8.5,5.33,5.33,6.72,5.67,7.0,6.78,6.94
Jun,Illinois,15.72,15.89,15.0,15.61,16.67,13.78,17.0,16.33,18.11,14.83
Jun,Indiana,15.17,15.06,13.83,15.17,16.17,13.44,16.33,15.83,17.44,13.78
Jun,Iowa,14.33,14.83,15.44,13.78,14.11,13.44,14.78,15.22,17.28,14.89
Jun,Kansas,16.56,14.67,17.28,15.44,15.39,14.83,16.11,16.44,18.5,16.17
Jun,Kentucky,16.0,15.28,13.72,15.61,17.22,14.28,17.0,16.83,18.33,14.67
Jun,Louisiana,20.94,19.89,19.39,21.5,23.0,21.44,21.83,22.0,22.61,22.11
Jun,Maine,9.83,9.44,8.33,8.67,10.22,9.61,10.83,10.17,8.17,10.39
Jun,Maryland,15.11,15.33,14.83,15.39,16.11,15.67,17.22,17.22,17.0,14.5
Jun,Massachusetts,11.28,12.11,10.83,11.67,13.0,12.56,13.78,13.61,12.17,12.61
Jun,Michigan,9.83,10.67,10.44,10.33,11.33,9.78,12.17,11.44,12.11,11.17
Jun,Minnesota,10.83,11.44,13.39,10.28,11.22,11.17,11.0,11.83,13.56,13.83
Jun,Mississippi,19.78,18.61,17.72,20.0,21.61,19.33,20.0,20.39,21.33,19.94
Jun,Missouri,16.56,15.72,16.0,16.5,17.33,14.67,17.44,17.11,19.17,16.17
Jun,Montana,7.0,6.83,11.33,6.78,6.22,7.44,6.44,7.78,8.28,9.11
Jun,Nebraska,13.22,12.72,15.72,11.83,11.39,12.22,12.44,13.11,15.44,13.94
Jun,Nevada,8.44,8.94,10.78,8.17,7.61,10.94,9.39,11.06,10.72,8.89
Jun,New Hampshire,9.61,9.89,8.17,9.33,11.17,10.56,11.72,11.06,9.44,11.11
Jun,New Jersey,13.78,14.17,13.22,14.28,15.06,14.44,16.39,16.06,15.39,13.61
Jun,New Mexico,12.39,9.83,12.17,11.28,11.0,11.61,12.44,13.78,14.06,11.72
Jun,New York,10.44,10.94,9.22,10.67,12.22,11.39,13.44,12.17,11.28,11.33
Jun,North Carolina,16.5,15.78,14.89,17.11,18.22,16.89,18.22,18.22,19.11,15.67
Jun,North Dakota,10.11,9.94,15.0,8.72,9.67,10.44,9.33,11.28,12.94,13.83
Jun,Ohio,14.22,14.06,12.33,14.17,15.11,13.06,15.5,15.0,16.33,12.94
Jun,Oklahoma,18.89,16.28,17.94,18.78,19.5,16.78,19.33,19.17,20.56,18.39
Jun,Oregon,6.94,6.28,7.44,6.28,6.67,7.67,5.61,7.67,6.83,7.56
Jun,Pennsylvania,11.61,11.94,10.61,12.11,13.22,12.28,14.0,13.72,13.44,11.39
Jun,Rhode Island,12.56,13.33,11.94,13.11,13.78,13.06,15.06,14.67,13.44,13.22
Jun,South Carolina,18.72,17.33,16.28,19.0,20.06,18.61,19.78,19.94,20.78,17.78
Jun,South Dakota,11.28,11.11,15.89,10.33,10.33,11.11,10.89,11.89,14.11,14.0
Jun,Tennessee,16.67,15.67,14.61,16.72,18.39,15.5,17.61,17.72,18.83,15.78
Jun,Texas,20.11,18.17,18.78,20.17,21.56,19.39,21.28,20.94,22.17,21.0
Jun,Utah,9.44,9.28,12.11,8.44,7.72,10.5,9.67,11.67,11.83,9.28
Jun,Vermont,9.56,9.44,7.44,9.0,11.5,10.0,11.83,10.61,8.78,10.67
Jun,Virginia,14.83,14.67,13.67,14.94,16.28,15.0,16.33,16.83,17.28,13.78
Jun,Washington,8.33,7.72,7.72,8.11,8.72,8.78,6.89,8.67,8.0,9.06
Jun,West Virginia,12.94,12.72,11.11,13.06,14.44,12.44,14.22,14.78,15.22,11.44
Jun,Wisconsin,10.67,11.39,11.83,10.61,11.61,10.61,12.0,11.94,13.33,11.94
Jun,Wyoming,6.0,6.22,10.17,5.33,4.56,5.83,5.61,7.22,7.5,7.22
Mar,Alabama,3.78,4.89,5.11,4.67,5.61,8.28,5.11,2.89,6.22,7.83
Mar,Alaska,-15.28,-15.5,-14.83,-13.33,-11.28,-16.72,-15.11,-16.83,-12.22,-15.28
Mar,Arizona,4.83,3.22,1.5,3.39,2.06,2.89,2.5,4.28,3.44,1.89
Mar,Arkansas,2.22,3.94,3.44,3.67,4.39,4.17,4.5,2.06,5.67,5.61
Mar,California,6.0,4.72,3.28,5.78,3.67,4.28,3.06,5.0,3.44,1.61
Mar,Colorado,-4.22,-4.72,-7.28,-4.72,-6.33,-4.5,-6.61,-6.11,-4.83,-7.61
Mar,Connecticut,-5.33,-0.78,-3.06,-4.56,-1.33,-4.39,-2.94,-2.22,-2.0,-1.39
Mar,Delaware,-0.94,2.61,0.72,-0.39,2.5,1.22,1.61,-0.06,0.0,1.78
Mar,Florida,10.17,10.33,10.83,10.78,10.67,15.61,11.56,7.94,10.22,14.0
Mar,Georgia,4.44,5.83,5.67,5.17,5.78,9.28,5.33,3.33,5.56,8.17
Mar,Idaho,-3.11,-2.39,-5.0,-3.44,-4.44,-2.94,-6.72,-4.56,-4.67,-7.67
Mar,Illinois,-3.83,0.44,-0.89,-1.78,0.5,-0.89,-1.39,-3.11,-1.11,-0.22
Mar,Indiana,-4.28,0.0,-1.17,-1.78,0.5,-0.72,-1.28,-2.89,-1.61,-0.44
Mar,Iowa,-6.17,-2.0,-3.61,-4.89,-3.56,-4.39,-4.83,-6.22,-2.89,-4.0
Mar,Kansas,-2.17,0.11,-1.61,-0.78,-2.0,-0.22,-1.17,-2.33,-0.22,-1.28
Mar,Kentucky,-0.56,2.0,0.78,0.39,2.78,2.61,1.28,-1.11,1.33,2.06
Mar,Louisiana,6.28,6.56,8.06,7.5,8.39,9.0,8.94,6.11,10.67,11.67
Mar,Maine,-10.83,-5.44,-9.56,-11.11,-6.78,-10.72,-11.0,-5.28,-6.22,-5.78
Mar,Maryland,-1.22,2.06,0.22,-0.83,1.89,0.67,1.0,-0.5,-0.94,1.33
Mar,Massachusetts,-6.22,-1.33,-4.06,-5.44,-1.89,-5.17,-3.78,-3.0,-2.83,-2.0
Mar,Michigan,-9.78,-4.33,-6.83,-7.06,-4.17,-7.89,-8.22,-6.94,-6.44,-5.28
Mar,Minnesota,-10.28,-5.33,-7.39,-9.39,-7.0,-9.61,-10.33,-12.17,-7.78,-11.89
Mar,Mississippi,4.06,5.22,5.33,5.44,6.72,7.39,6.22,3.33,7.44,8.78
Mar,Missouri,-2.33,1.44,-0.11,-0.44,0.44,0.39,-0.22,-1.67,1.06,0.89
Mar,Montana,-6.67,-4.5,-5.33,-4.67,-7.56,-7.28,-6.94,-7.5,-7.78,-10.44
Mar,Nebraska,-5.17,-2.67,-4.11,-3.56,-5.39,-3.67,-4.22,-5.39,-3.11,-5.28
Mar,Nevada,1.06,-0.22,-2.67,0.61,-1.83,-1.0,-2.67,-0.28,-2.33,-4.78
Mar,New Hampshire,-9.56,-4.22,-7.72,-9.5,-5.39,-9.0,-8.44,-5.67,-5.83,-4.61
Mar,New Jersey,-2.67,1.11,-0.94,-2.11,1.17,-1.0,-0.33,-1.0,-1.17,0.17
Mar,New Mexico,-0.5,-0.94,-3.44,-1.44,-2.0,-1.17,-2.22,-1.22,-0.44,-1.06
Mar,New York,-8.5,-3.33,-6.33,-8.06,-3.44,-6.67,-6.89,-5.17,-5.61,-4.5
Mar,North Carolina,1.78,4.11,2.44,2.11,3.78,5.39,3.39,0.39,2.11,4.44
Mar,North Dakota,-9.28,-6.06,-7.44,-7.67,-10.33,-11.33,-9.44,-13.94,-8.89,-15.56
Mar,Ohio,-4.56,-0.28,-1.72,-2.11,0.89,-1.22,-2.0,-2.5,-2.39,-0.78
Mar,Oklahoma,1.17,2.78,1.89,2.44,2.33,2.78,3.06,1.78,4.11,3.56
Mar,Oregon,0.44,1.11,-2.11,0.39,-1.0,0.17,-3.11,-1.11,-2.0,-4.22
Mar,Pennsylvania,-5.22,-1.33,-3.22,-4.56,-0.89,-3.56,-3.44,-3.22,-4.22,-2.33
Mar,Rhode Island,-4.56,-0.17,-2.28,-3.44,-0.39,-3.28,-1.78,-1.39,-1.22,-0.33
Mar,South Carolina,3.94,5.39,4.61,4.33,5.33,8.06,5.28,2.33,4.61,7.28
Mar,South Dakota,-6.72,-4.11,-5.72,-5.5,-7.89,-7.0,-6.44,-8.72,-5.94,-9.78
Mar,Tennessee,1.17,3.0,2.17,1.89,3.94,4.28,2.83,0.44,3.44,3.89
Mar,Texas,5.17,6.0,5.39,6.33,5.94,6.94,6.78,5.89,9.11,8.83
Mar,Utah,-0.17,-1.22,-4.22,-1.5,-3.39,-1.78,-4.11,-1.89,-2.56,-5.56
Mar,Vermont,-10.61,-5.28,-8.67,-10.44,-5.78,-9.0,-9.33,-5.94,-6.67,-5.72
Mar,Virginia,-0.5,2.28,0.39,-0.11,1.78,2.0,1.33,-1.0,-0.33,2.0
Mar,Washington,0.11,1.22,-1.0,-0.83,0.22,0.5,-2.0,-0.67,-1.33,-2.28
Mar,West Virginia,-2.22,0.0,-1.22,-1.67,0.56,0.5,-0.67,-2.06,-1.78,-0.39
Mar,Wisconsin,-9.83,-4.44,-6.39,-7.72,-5.0,-7.61,-9.67,-9.94,-7.17,-7.17
Mar,Wyoming,-6.11,-5.33,-7.94,-6.22,-8.39,-5.89,-8.44,-7.44,-6.44,-10.89
May,Alabama,14.67,13.72,12.06,14.06,16.0,16.44,14.72,13.78,17.06,15.22
May,Alaska,-0.89,-0.83,0.28,0.56,-0.28,-1.11,-0.72,-3.39,0.0,0.0
May,Arizona,8.83,8.72,9.56,10.89,8.5,11.11,8.78,10.89,11.11,10.44
May,Arkansas,13.89,12.89,12.33,13.67,16.22,15.28,13.89,13.72,17.67,14.94
May,California,8.39,8.83,8.11,9.78,6.89,9.22,9.06,10.06,10.06,9.72
May,Colorado,2.78,1.83,3.44,3.94,4.11,4.28,2.39,3.56,5.78,5.22
May,Connecticut,7.56,7.06,8.22,8.11,9.56,6.94,6.33,7.78,10.44,6.5
May,Delaware,10.17,10.22,10.78,11.5,12.56,10.06,9.83,12.11,14.5,10.33
May,Florida,18.28,17.17,16.0,17.0,18.61,19.89,18.33,17.22,19.44,18.61
May,Georgia,14.72,14.06,12.56,14.11,16.78,16.28,14.33,13.89,17.06,14.89
May,Idaho,1.94,2.0,2.5,4.72,3.0,2.78,2.28,3.11,5.22,5.17
May,Illinois,10.28,9.11,10.11,11.22,13.89,10.22,8.83,11.72,15.0,11.0
May,Indiana,9.5,8.33,9.28,10.17,13.06,10.17,8.28,11.89,14.33,9.72
May,Iowa,9.22,7.06,10.67,9.44,12.11,8.11,7.44,9.17,12.94,9.94
May,Kansas,10.39,8.22,11.72,10.78,12.5,10.17,9.83,10.11,14.28,11.78
May,Kentucky,10.56,9.78,9.61,11.22,13.78,12.44,9.89,12.06,15.83,11.33
May,Louisiana,17.67,16.17,14.78,16.06,18.89,19.22,17.67,16.5,19.22,18.17
May,Maine,5.17,4.56,5.17,4.17,6.72,3.72,3.22,4.56,4.06,3.44
May,Maryland,10.17,9.72,10.89,11.5,12.83,10.61,9.33,11.22,14.56,9.61
May,Massachusetts,7.28,6.94,7.61,7.61,9.06,6.72,5.94,7.39,9.44,6.11
May,Michigan,6.5,3.28,5.94,5.72,8.44,5.17,3.67,6.61,8.33,5.33
May,Minnesota,7.17,3.56,8.39,5.78,8.33,5.5,3.89,5.56,8.61,7.83
May,Mississippi,15.61,14.56,12.78,14.72,16.83,17.11,15.39,14.5,17.78,16.17
May,Missouri,11.39,9.89,11.39,11.5,14.5,11.33,10.61,11.44,16.06,12.17
May,Montana,3.78,1.89,4.61,4.56,3.56,3.33,3.28,3.94,6.22,6.33
May,Nebraska,7.72,5.33,9.39,7.61,9.06,7.33,6.28,7.61,10.56,9.33
May,Nevada,3.67,4.11,4.5,6.78,3.28,5.89,4.61,5.39,6.83,6.56
May,New Hampshire,5.72,4.89,6.06,5.0,7.06,5.11,3.39,5.22,6.22,3.78
May,New Jersey,8.83,8.72,9.83,9.83,11.61,8.67,8.0,10.06,12.5,8.17
May,New Mexico,6.33,4.67,6.28,6.83,6.56,7.78,6.33,7.06,8.83,8.06
May,New York,6.89,5.11,7.17,6.11,9.33,6.33,4.22,7.22,8.78,4.78
May,North Carolina,11.94,11.56,11.06,13.0,14.06,13.39,11.39,12.39,16.33,11.94
May,North Dakota,6.89,2.44,7.67,4.89,6.44,5.22,3.17,5.0,7.78,8.06
May,Ohio,9.06,7.39,8.72,8.78,12.17,9.67,7.56,10.89,13.39,8.28
May,Oklahoma,13.33,11.28,13.17,13.11,15.22,13.39,13.28,12.72,17.0,14.44
May,Oregon,2.61,4.0,3.11,5.72,3.83,3.78,4.06,4.11,6.0,5.94
May,Pennsylvania,7.67,6.11,7.94,7.56,10.56,7.94,5.22,8.06,11.11,5.67
May,Rhode Island,7.89,7.5,8.22,8.83,9.56,7.0,7.28,8.22,10.39,6.78
May,South Carolina,14.22,13.67,12.56,14.39,16.28,15.67,13.5,13.78,17.33,13.72
May,South Dakota,7.22,3.94,9.0,6.39,8.0,6.17,4.94,6.22,9.44,8.56
May,Tennessee,12.11,11.11,9.94,12.17,14.67,13.72,11.72,12.17,16.11,12.78
May,Texas,16.39,14.33,14.67,14.56,17.33,17.39,16.33,15.44,18.39,16.83
May,Utah,3.94,3.61,4.78,6.44,4.72,6.22,3.78,5.5,6.89,6.78
May,Vermont,5.89,4.67,6.11,4.83,7.33,4.94,2.67,5.56,6.06,3.0
May,Virginia,10.0,9.39,9.94,11.17,12.72,11.33,9.5,10.72,14.78,10.17
May,Washington,3.89,5.17,4.61,7.44,6.11,4.56,5.5,5.5,7.72,7.89
May,West Virginia,8.33,7.17,8.0,8.56,11.22,10.06,7.0,8.94,13.11,7.72
May,Wisconsin,6.67,3.83,6.78,6.61,8.78,5.33,4.0,6.28,9.44,6.56
May,Wyoming,1.5,0.28,2.56,3.17,2.5,2.5,1.44,2.94,4.28,4.22
Nov,Alabama,7.83,4.67,7.0,4.0,7.89,7.56,3.06,4.44,4.5,
Nov,Alaska,-12.0,-12.0,-18.11,-12.56,-12.56,-13.0,-15.94,-13.89,-10.06,
Nov,Arizona,3.56,2.72,2.39,1.0,2.39,2.39,4.0,3.61,1.67,
Nov,Arkansas,5.67,4.72,4.11,1.78,6.61,6.94,3.06,2.78,2.06,
Nov,California,2.22,4.67,4.5,2.56,3.72,2.72,6.06,4.56,4.83,
Nov,Colorado,-5.33,-5.61,-5.5,-8.56,-3.44,-5.94,-3.78,-5.28,-6.67,
Nov,Connecticut,-0.5,0.33,0.0,-1.11,-0.06,1.44,0.06,-1.22,-0.22,
Nov,Delaware,3.83,2.94,2.56,2.0,2.0,5.11,2.94,1.72,3.0,
Nov,Florida,14.22,11.39,13.94,12.78,15.28,14.39,9.72,14.28,13.56,
Nov,Georgia,8.56,4.83,7.17,5.44,8.94,8.06,3.78,5.33,6.0,
Nov,Idaho,-7.11,-2.89,-4.17,-9.0,-2.5,-7.0,-2.0,-4.33,-5.17,
Nov,Illinois,1.28,2.11,0.56,-0.28,2.33,2.06,0.0,-1.61,-1.94,
Nov,Indiana,1.28,1.72,0.67,0.39,1.56,2.72,-0.39,-1.06,-1.22,
Nov,Iowa,-3.44,-0.83,-2.44,-4.06,-0.06,-2.72,-2.0,-4.5,-5.44,
Nov,Kansas,-0.28,0.67,-0.56,-3.39,2.44,-0.5,0.28,-1.67,-3.06,
Nov,Kentucky,3.44,2.06,1.39,1.11,2.56,4.33,0.06,-0.39,0.44,
Nov,Louisiana,10.72,8.28,9.72,6.28,11.17,10.11,7.0,6.94,7.33,
Nov,Maine,-6.33,-2.39,-2.17,-4.56,-2.5,-2.72,-2.28,-4.44,-5.5,
Nov,Maryland,3.0,2.39,2.11,1.72,1.83,4.61,2.17,0.83,2.06,
Nov,Massachusetts,-1.33,0.28,-0.39,-1.33,-0.33,1.11,-0.22,-1.78,-0.83,
Nov,Michigan,-2.78,-1.56,-0.56,-2.94,0.0,-0.94,-1.83,-2.67,-3.67,
Nov,Minnesota,-9.0,-3.72,-6.0,-8.22,-4.0,-7.33,-4.89,-7.39,-9.0,
Nov,Mississippi,8.22,5.67,7.33,4.33,8.17,8.0,4.0,4.28,4.94,
Nov,Missouri,2.06,2.78,0.89,-0.56,3.5,2.67,0.89,-0.39,-1.94,
Nov,Montana,-11.0,-5.06,-5.72,-9.39,-3.44,-10.11,-3.33,-6.78,-6.11,
Nov,Nebraska,-5.33,-2.89,-3.22,-6.61,-1.0,-4.67,-2.5,-4.83,-5.61,
Nov,Nevada,-3.56,-1.44,-1.78,-5.5,-1.78,-3.61,0.17,-1.56,-3.22,
Nov,New Hampshire,-5.28,-2.06,-2.83,-4.06,-1.67,-2.0,-2.5,-4.72,-4.28,
Nov,New Jersey,2.22,1.83,1.61,0.67,1.0,4.0,2.06,0.56,1.22,
Nov,New Mexico,0.56,-1.0,-2.0,-3.89,-0.33,-0.72,-1.83,-1.56,-3.06,
Nov,New York,-2.83,-1.28,-0.56,-2.33,-0.44,-0.06,-1.67,-3.44,-2.78,
Nov,North Carolina,6.11,3.06,3.56,3.72,4.33,6.28,2.0,2.22,3.61,
Nov,North Dakota,-12.0,-4.94,-7.78,-9.28,-5.5,-12.06,-6.11,-9.0,-9.22,
Nov,Ohio,0.94,1.11,0.56,0.56,1.28,2.94,-0.61,-0.83,-0.5,
Nov,Oklahoma,3.78,4.06,2.89,-0.44,5.72,4.33,2.72,1.89,0.0,
Nov,Oregon,-4.61,0.94,-0.28,-5.28,0.22,-2.83,0.94,-1.06,-1.33,
Nov,Pennsylvania,-0.28,0.17,0.0,-0.67,-0.11,1.83,-0.5,-1.94,-0.94,
Nov,Rhode Island,0.44,1.72,0.72,0.11,0.72,2.56,0.89,-0.11,0.83,
Nov,South Carolina,8.39,4.33,5.89,5.67,7.61,7.5,3.39,4.0,5.56,
Nov,South Dakota,-8.83,-4.44,-5.22,-7.83,-2.61,-8.0,-4.11,-6.67,-6.89,
Nov,Tennessee,4.83,2.44,2.94,1.61,3.72,5.39,0.89,0.72,1.67,
Nov,Texas,8.06,7.28,6.56,3.44,8.94,8.17,5.89,5.28,4.44,
Nov,Utah,-3.61,-2.83,-3.17,-6.33,-2.61,-4.11,-1.33,-2.78,-4.89,
Nov,Vermont,-5.72,-2.72,-3.06,-4.28,-1.61,-2.44,-2.61,-5.17,-4.72,
Nov,Virginia,3.39,1.67,1.11,1.78,1.5,4.28,1.0,0.33,1.56,
Nov,Washington,-4.11,1.33,0.28,-4.39,1.22,-3.39,1.0,-1.22,-0.06,
Nov,West Virginia,1.67,0.11,-0.61,0.33,0.11,2.44,-1.33,-1.44,-0.28,
Nov,Wisconsin,-5.83,-2.61,-2.72,-5.22,-1.39,-3.83,-3.72,-5.22,-6.0,
Nov,Wyoming,-10.72,-7.33,-7.17,-10.61,-4.56,-9.61,-4.22,-6.94,-7.78,
Oct,Alabama,8.22,11.06,8.22,10.44,12.0,10.61,10.0,11.94,13.72,11.39
Oct,Alaska,-7.61,-8.56,-9.83,-4.17,-6.22,-3.5,-11.22,-1.78,-2.39,-5.78
Oct,Arizona,10.0,9.5,10.72,8.39,7.72,11.28,8.28,6.44,9.28,9.56
Oct,Arkansas,7.11,10.39,7.83,8.28,11.33,10.22,8.61,10.72,11.56,11.28
Oct,California,9.44,9.61,10.06,9.28,7.0,10.33,8.67,6.94,9.06,9.39
Oct,Colorado,0.11,0.89,1.39,-0.39,1.11,2.0,0.5,-0.61,0.56,0.67
Oct,Connecticut,3.28,5.06,2.28,3.28,5.33,3.78,3.72,5.78,6.28,7.78
Oct,Delaware,5.94,8.89,4.39,7.11,8.17,7.11,7.28,9.89,10.56,9.28
Oct,Florida,16.33,17.72,14.78,17.33,18.44,17.56,16.22,17.78,19.33,17.39
Oct,Georgia,9.61,11.94,8.67,11.28,12.28,11.44,10.33,12.0,14.0,11.39
Oct,Idaho,-1.44,0.89,2.67,0.61,-0.44,1.72,-0.06,-1.11,0.39,1.33
Oct,Illinois,4.72,7.17,2.83,4.56,7.44,5.61,6.0,6.28,6.5,7.67
Oct,Indiana,4.11,6.89,2.17,4.0,6.78,5.0,5.33,6.28,6.94,7.61
Oct,Iowa,3.17,4.89,0.83,3.39,5.94,3.83,4.11,4.06,3.39,5.94
Oct,Kansas,4.78,8.06,4.78,5.0,7.89,6.61,6.06,5.56,5.72,6.78
Oct,Kentucky,4.67,8.22,3.11,5.78,7.78,6.89,6.28,8.17,8.89,8.67
Oct,Louisiana,11.11,12.89,11.89,13.06,15.0,13.22,11.94,14.61,16.22,14.11
Oct,Maine,0.72,1.17,0.83,-0.56,2.83,1.89,1.5,2.78,1.33,6.33
Oct,Maryland,5.44,8.22,4.17,6.61,7.89,6.5,6.56,9.06,9.94,9.11
Oct,Massachusetts,2.67,4.44,2.06,2.78,5.11,3.5,3.39,4.89,5.33,7.83
Oct,Michigan,2.44,3.28,1.06,1.5,4.44,2.5,2.67,3.94,3.06,5.94
Oct,Minnesota,1.56,2.17,-1.39,-0.61,3.44,2.11,2.28,2.22,0.39,3.61
Oct,Mississippi,8.11,11.11,9.11,10.61,12.44,11.17,9.94,12.5,13.67,12.0
Oct,Missouri,4.83,8.28,4.06,5.67,8.33,7.11,6.56,6.89,7.61,8.33
Oct,Montana,-0.83,0.22,0.5,-1.0,0.0,1.11,-0.5,-1.5,-1.11,-0.44
Oct,Nebraska,1.44,4.0,1.39,2.0,4.44,3.83,2.94,2.61,1.72,3.44
Oct,Nevada,3.33,3.94,5.44,3.28,1.39,4.89,2.5,0.94,2.89,3.44
Oct,New Hampshire,0.44,1.67,0.56,0.0,3.06,1.39,1.06,2.61,2.83,6.11
Oct,New Jersey,4.78,7.06,3.61,5.33,7.11,5.67,5.56,8.17,8.67,8.78
Oct,New Mexico,4.39,5.5,4.83,2.78,5.28,6.22,3.72,2.5,5.61,5.22
Oct,New York,2.0,3.39,1.72,1.83,4.44,2.39,2.06,4.78,4.33,6.83
Oct,North Carolina,6.67,9.39,5.11,8.33,8.83,8.72,7.56,10.28,11.22,9.28
Oct,North Dakota,0.22,0.56,-2.0,-2.33,1.67,1.11,0.28,-0.06,-2.0,0.78
Oct,Ohio,3.67,6.39,2.17,3.94,6.0,4.33,4.61,6.56,6.89,7.67
Oct,Oklahoma,8.0,10.72,8.17,7.06,11.33,9.72,8.28,9.06,10.0,10.17
Oct,Oregon,1.5,2.72,5.11,3.61,1.5,4.11,2.44,0.89,2.67,3.61
Oct,Pennsylvania,2.67,4.89,2.06,2.94,5.17,3.06,2.94,6.11,6.44,6.78
Oct,Rhode Island,4.33,6.11,3.17,4.56,6.11,4.94,4.89,6.39,6.61,8.78
Oct,South Carolina,8.83,11.28,7.39,10.78,11.17,10.89,9.5,11.72,13.44,10.83
Oct,South Dakota,0.78,2.11,0.39,0.0,3.22,2.94,1.67,1.28,-0.11,2.0
Oct,Tennessee,4.78,8.67,4.56,6.94,8.72,7.78,7.17,9.22,10.11,9.17
Oct,Texas,11.22,13.11,11.72,10.78,14.28,12.78,10.83,12.33,13.39,13.67
Oct,Utah,3.0,3.17,4.89,2.17,2.11,4.44,2.28,0.89,2.78,2.94
Oct,Vermont,0.44,1.28,0.39,0.11,3.22,1.33,0.94,2.89,2.83,6.0
Oct,Virginia,4.89,7.39,2.89,5.89,7.06,6.33,5.83,8.44,9.56,8.22
Oct,Washington,1.83,2.17,5.44,4.17,2.78,4.83,2.44,2.0,3.0,4.22
Oct,West Virginia,3.17,5.89,1.44,4.17,5.56,4.5,4.0,6.94,7.44,6.89
Oct,Wisconsin,2.06,3.0,-0.83,0.61,3.83,1.83,2.39,2.67,1.72,4.72
Oct,Wyoming,-2.11,-0.39,0.33,-2.0,-0.33,-0.22,-1.33,-2.17,-1.89,-1.0
Sep,Alabama,18.44,15.67,18.5,16.78,19.17,16.44,17.89,17.67,20.89,18.0
Sep,Alaska,1.83,-1.28,0.22,0.78,1.67,-0.56,1.28,0.94,2.5,1.5
Sep,Arizona,14.0,16.44,12.78,13.28,15.39,15.5,15.0,15.06,16.17,14.89
Sep,Arkansas,17.72,15.28,16.44,14.78,19.17,15.06,16.28,17.11,19.0,17.06
Sep,California,11.89,14.33,12.33,12.22,13.39,14.28,13.5,13.11,13.39,12.83
Sep,Colorado,6.0,7.0,5.28,4.67,8.56,5.11,5.83,8.72,8.06,7.33
Sep,Connecticut,8.5,10.89,9.17,11.33,11.61,12.17,11.89,10.17,14.5,13.39
Sep,Delaware,13.0,13.83,12.89,14.72,15.61,15.61,15.39,13.17,19.11,16.0
Sep,Florida,20.89,20.28,22.11,21.17,22.61,21.11,21.56,21.72,23.17,21.67
Sep,Georgia,18.17,16.11,18.33,17.72,18.83,16.78,17.94,18.0,20.89,17.5
Sep,Idaho,5.0,4.33,4.06,3.83,8.0,5.22,4.28,7.22,4.78,6.11
Sep,Illinois,14.11,12.22,12.61,11.11,15.0,11.22,13.56,13.39,15.33,13.83
Sep,Indiana,13.5,11.56,11.78,10.94,13.67,11.11,12.94,12.5,15.44,12.78
Sep,Iowa,12.83,10.89,11.11,8.44,13.17,8.94,11.44,12.5,13.28,12.72
Sep,Kansas,14.44,13.67,12.83,10.22,16.06,11.11,12.56,14.89,15.06,14.22
Sep,Kentucky,15.39,13.11,13.56,13.17,14.94,12.78,14.56,14.28,17.72,14.22
Sep,Louisiana,20.39,17.67,19.78,19.06,22.06,18.72,19.0,20.5,22.28,20.56
Sep,Maine,3.72,7.78,6.22,6.83,7.94,8.33,7.56,8.11,8.06,10.5
Sep,Maryland,13.67,13.0,12.56,14.33,15.44,14.94,14.89,12.5,18.67,15.39
Sep,Massachusetts,7.22,10.5,8.39,10.78,10.78,11.5,11.44,9.67,13.72,13.11
Sep,Michigan,9.94,9.39,8.72,6.67,10.11,9.0,9.72,8.83,11.17,11.06
Sep,Minnesota,10.0,8.61,8.0,5.11,9.56,7.89,8.67,10.0,9.61,11.56
Sep,Mississippi,18.78,16.0,18.78,16.89,20.0,16.67,18.0,18.39,21.0,18.61
Sep,Missouri,15.22,13.44,13.39,11.5,16.67,11.67,13.78,14.78,16.06,14.28
Sep,Montana,5.78,3.89,4.33,3.11,8.06,4.67,4.0,7.83,4.5,7.22
Sep,Nebraska,10.72,9.72,9.17,7.0,12.44,7.83,9.28,12.5,12.11,11.44
Sep,Nevada,7.0,9.44,7.44,7.44,9.83,9.17,8.33,9.39,8.89,8.56
Sep,New Hampshire,4.33,7.89,6.0,7.78,8.06,8.67,8.61,7.61,10.67,11.06
Sep,New Jersey,11.28,12.28,11.28,13.06,13.78,14.61,14.11,11.61,17.11,14.72
Sep,New Mexico,10.0,11.72,8.61,8.67,11.89,10.39,9.56,11.67,11.22,12.0
Sep,New York,7.22,9.39,7.89,8.89,10.0,10.22,10.06,8.39,12.5,10.89
Sep,North Carolina,15.94,14.56,15.11,15.94,16.28,15.17,16.28,14.89,19.83,15.78
Sep,North Dakota,8.5,6.17,5.89,3.83,8.72,6.28,6.39,9.67,6.11,9.5
Sep,Ohio,13.22,11.11,11.06,11.22,12.78,11.22,12.56,11.5,15.83,12.89
Sep,Oklahoma,18.17,16.06,15.33,13.72,19.28,14.22,14.72,16.94,17.89,17.5
Sep,Oregon,6.56,5.44,5.67,6.17,8.44,7.56,6.28,7.83,5.61,7.0
Sep,Pennsylvania,10.56,9.61,9.11,10.5,11.22,11.22,11.06,9.33,14.72,11.83
Sep,Rhode Island,8.78,12.17,10.11,12.17,12.33,13.0,12.72,10.83,14.94,14.39
Sep,South Carolina,18.0,16.22,17.78,17.89,17.83,16.56,18.0,17.17,21.11,17.22
Sep,South Dakota,10.06,7.89,7.56,5.44,11.11,7.33,7.94,11.22,9.78,10.67
Sep,Tennessee,16.11,13.78,14.89,13.56,15.83,13.61,15.33,15.28,18.67,15.06
Sep,Texas,18.72,17.78,17.28,16.67,20.06,17.17,16.33,19.0,19.33,20.44
Sep,Utah,7.33,9.44,7.28,7.17,10.0,8.22,8.06,9.61,10.17,9.17
Sep,Vermont,4.11,7.83,5.78,7.5,8.11,8.61,8.72,7.5,10.33,10.33
Sep,Virginia,14.5,12.28,12.44,14.11,14.72,13.72,14.5,12.78,18.39,14.44
Sep,Washington,7.72,5.72,6.89,7.0,9.11,8.39,7.06,9.67,7.0,8.39
Sep,West Virginia,13.72,10.06,11.0,12.17,12.39,12.06,12.56,11.5,16.67,12.72
Sep,Wisconsin,10.33,9.11,8.78,5.78,10.06,8.78,9.83,9.17,10.67,11.83
Sep,Wyoming,4.0,4.33,3.5,2.67,7.5,3.39,3.33,7.06,4.94,5.89
