state_code,year,Jan,Feb,Mar,Apr,May,Jun,Jul,Aug,Sep,Oct,Nov,Dec
Alabama,1978,2.0,3.78,10.67,17.72,21.11,25.56,27.06,26.28,24.94,16.78,15.11,8.11
Alabama,1983,5.61,8.11,11.11,14.33,20.33,23.61,27.0,27.28,22.22,17.78,11.78,5.44
Alabama,1988,4.83,7.44,12.39,17.11,20.17,25.06,26.06,26.89,23.61,15.11,13.61,8.22
Alabama,1993,9.33,7.89,10.94,14.83,20.44,25.33,27.89,26.72,23.33,17.11,10.94,7.39
Alabama,1998,8.78,9.56,11.89,16.44,23.11,27.06,27.67,26.61,25.22,19.33,14.39,10.78
Alabama,2003,4.44,8.89,14.22,17.39,22.0,24.22,25.83,26.33,22.83,17.5,14.56,6.67
Alabama,2008,6.11,9.56,12.89,17.11,21.28,25.94,26.67,25.78,23.61,16.78,10.56,9.83
Alabama,2013,10.0,8.89,9.89,16.78,20.11,25.56,25.39,25.5,23.89,18.28,10.89,8.83
Alabama,2018,4.67,14.44,13.0,15.28,23.56,26.28,27.06,26.39,26.33,19.67,10.22,9.44
Alabama,2023,10.83,13.56,14.83,17.33,21.33,24.89,27.39,27.94,24.33,18.44,,
Arizona,1978,6.17,7.0,11.5,13.33,17.78,24.61,27.0,25.28,21.89,18.11,9.56,3.11
Arizona,1983,5.89,7.33,9.33,10.72,17.78,22.44,26.28,25.11,23.78,16.39,9.56,6.72
Arizona,1988,4.61,8.44,10.17,13.94,18.56,24.56,27.17,25.22,21.33,19.0,10.0,5.0
Arizona,1993,6.39,6.94,11.0,14.78,19.61,23.44,25.72,25.28,22.11,16.11,8.44,5.5
Arizona,1998,6.56,5.56,9.44,11.5,17.22,22.11,27.33,26.89,23.11,15.83,10.33,5.94
Arizona,2003,9.33,7.5,10.33,13.11,20.17,24.61,28.78,26.67,23.78,19.61,9.33,6.11
Arizona,2008,4.33,7.22,11.0,14.44,17.56,25.17,26.89,26.28,23.11,17.17,11.83,5.78
Arizona,2013,3.67,5.67,12.67,15.22,19.67,26.39,27.22,25.83,22.44,14.89,10.72,5.28
Arizona,2018,8.67,8.17,11.28,17.17,20.28,25.89,27.94,26.78,24.44,15.5,9.67,6.0
Arizona,2023,4.61,5.5,8.5,14.67,19.17,22.44,29.67,27.06,23.11,18.11,,
Arkansas,1978,-1.44,-0.17,8.44,17.11,20.06,24.67,28.17,26.5,23.72,15.5,11.72,5.06
Arkansas,1983,3.44,6.5,10.0,12.44,18.89,23.33,26.94,28.17,22.72,17.22,10.56,-1.11
Arkansas,1988,1.56,5.28,10.28,15.56,20.11,24.78,26.44,27.06,22.89,14.33,10.78,5.94
Arkansas,1993,4.11,5.17,9.44,13.5,19.44,24.67,28.44,27.39,21.44,14.83,7.78,5.83
Arkansas,1998,6.83,8.06,9.78,15.39,22.61,26.61,28.89,27.17,25.5,17.83,12.06,6.61
Arkansas,2003,2.67,4.5,10.67,16.5,20.89,22.83,26.67,27.11,21.22,17.11,12.56,5.72
Arkansas,2008,3.89,6.44,11.06,14.89,20.06,25.39,26.94,25.39,21.72,15.56,9.39,5.0
Arkansas,2013,5.61,6.28,8.11,14.72,19.56,25.06,25.56,25.78,24.11,16.39,8.61,4.5
Arkansas,2018,2.06,7.72,12.17,12.89,23.89,26.72,27.67,26.0,23.89,17.0,7.67,6.78
Arkansas,2023,8.0,9.28,11.67,15.72,21.17,25.11,27.22,27.61,23.78,17.83,,
California,1978,7.44,8.06,11.44,10.83,16.17,20.56,23.78,23.22,19.28,17.61,8.33,4.0
California,1983,6.78,8.22,9.22,9.89,16.28,19.72,22.17,23.17,21.67,16.33,9.56,7.33
California,1988,5.94,9.17,10.89,12.89,15.72,20.11,25.33,23.67,20.78,18.11,9.89,5.83
California,1993,5.17,6.67,11.61,12.89,16.83,20.0,22.33,22.89,20.83,16.33,9.33,6.17
California,1998,7.28,6.44,9.56,10.89,12.72,18.44,24.44,25.11,20.67,14.28,9.33,5.56
California,2003,10.0,7.61,10.78,10.0,16.67,21.78,25.94,23.89,22.72,18.56,8.22,6.67
California,2008,5.06,7.67,10.17,12.44,16.5,21.72,24.72,24.78,22.11,16.56,12.17,5.56
California,2013,5.61,7.39,12.11,14.56,17.67,22.44,25.56,23.56,20.72,14.72,11.06,6.72
California,2018,9.39,8.11,9.44,14.0,17.22,21.89,26.44,24.67,21.72,16.06,11.44,7.11
California,2023,5.94,5.94,6.78,12.94,16.67,19.28,26.06,24.33,20.0,16.72,,
Colorado,1978,-4.78,-3.78,3.0,7.11,9.94,16.78,20.33,17.89,14.67,8.89,1.06,-7.56
Colorado,1983,-2.33,-0.83,1.11,2.78,8.89,14.61,19.89,20.33,15.67,8.89,1.0,-7.28
Colorado,1988,-7.22,-2.5,0.39,6.56,11.33,18.39,19.94,19.39,13.5,9.83,1.39,-3.67
Colorado,1993,-4.61,-3.72,2.28,5.61,11.44,15.67,18.89,17.72,12.94,7.11,-1.56,-2.89
Colorado,1998,-2.11,-1.39,0.94,5.0,12.44,15.22,20.56,19.0,16.94,8.33,3.11,-3.06
Colorado,2003,-0.22,-3.17,2.56,7.39,12.11,15.61,22.44,20.22,13.72,10.83,0.56,-1.89
Colorado,2008,-6.17,-2.44,1.06,4.94,10.56,16.44,20.67,18.72,14.06,8.67,3.5,-3.72
Colorado,2013,-5.06,-3.5,1.67,4.33,11.56,18.67,20.28,19.44,15.94,6.78,1.78,-4.61
Colorado,2018,-1.28,-1.89,3.22,6.67,14.0,19.17,21.11,19.0,16.61,7.22,0.28,-3.0
Colorado,2023,-4.44,-3.67,-0.61,5.33,12.61,15.56,20.72,19.83,15.89,9.0,,
Connecticut,1978,-4.83,-6.67,0.17,7.17,13.44,18.44,20.5,21.11,14.89,9.72,4.83,-0.61
Connecticut,1983,-2.78,-1.39,3.67,8.28,12.72,19.56,22.28,21.44,18.0,10.61,5.56,-1.89
Connecticut,1988,-5.33,-2.11,2.83,7.56,14.22,18.56,22.83,22.44,15.78,8.11,5.56,-1.61
Connecticut,1993,-1.5,-4.94,0.61,8.56,15.11,19.06,22.5,21.78,16.56,9.33,4.83,-0.89
Connecticut,1998,0.61,1.78,4.06,9.22,16.11,18.44,21.78,22.0,17.89,11.0,5.17,2.56
Connecticut,2003,-5.89,-4.56,2.22,6.94,12.78,18.17,21.94,22.33,17.39,9.61,6.56,0.22
Connecticut,2008,-1.28,-1.22,2.5,9.78,12.83,20.33,22.94,19.89,17.39,10.0,4.72,0.11
Connecticut,2013,-1.78,-1.56,2.22,8.5,14.56,19.83,24.39,20.39,16.33,11.89,4.33,-0.56
Connecticut,2018,-3.67,2.06,2.44,6.33,16.78,19.11,23.33,23.5,18.94,11.28,3.94,1.0
Connecticut,2023,2.89,0.94,3.78,10.61,13.78,18.56,23.83,20.89,18.5,13.39,,
Delaware,1978,-1.33,-4.39,4.17,11.06,15.67,21.56,23.06,24.78,19.33,12.83,8.89,3.78
Delaware,1983,1.44,1.44,7.33,10.56,16.22,21.72,25.0,24.33,20.28,14.22,8.5,1.67
Delaware,1988,-1.83,2.28,6.78,10.22,16.67,21.94,25.72,25.22,18.78,10.72,8.5,2.44
Delaware,1993,3.39,-0.06,4.44,11.11,17.67,21.89,25.94,24.17,20.22,13.22,8.11,2.22
Delaware,1998,5.33,5.17,7.61,12.89,18.22,21.83,24.44,24.0,21.78,14.17,8.39,5.56
Delaware,2003,-1.33,0.06,7.28,11.11,15.0,21.11,24.61,24.72,20.72,13.22,10.83,3.22
Delaware,2008,2.61,3.94,7.61,13.0,16.06,24.0,25.22,23.0,20.89,13.44,7.44,4.83
Delaware,2013,3.0,2.17,4.72,12.56,17.61,23.06,26.22,23.0,19.28,15.28,7.28,4.67
Delaware,2018,0.44,6.22,4.72,10.89,20.17,22.56,25.11,25.89,23.11,15.67,7.61,5.22
Delaware,2023,6.28,6.0,7.56,14.78,16.5,21.17,25.83,24.11,21.0,15.67,,
Florida,1978,11.11,10.94,16.56,21.0,24.44,26.83,27.33,27.28,26.56,22.33,20.39,16.78
Florida,1983,12.78,14.33,16.17,19.0,23.5,26.0,27.89,27.89,25.5,23.11,17.56,14.72
Florida,1988,12.67,13.89,17.17,20.89,22.83,26.22,27.22,27.56,26.83,21.28,19.83,15.06
Florida,1993,17.5,14.5,16.89,18.83,23.22,26.89,28.06,27.89,26.61,22.89,18.61,13.44
Florida,1998,15.83,15.56,16.78,20.94,25.22,28.94,28.67,28.17,26.83,24.0,20.89,18.11
Florida,2003,11.22,16.22,21.0,20.78,25.61,26.72,27.44,27.28,26.06,23.06,20.33,13.39
Florida,2008,14.61,17.22,18.17,20.83,24.67,27.17,27.33,27.39,26.5,21.89,16.39,16.67
Florida,2013,17.78,16.56,15.06,21.89,23.33,27.28,27.11,27.89,26.67,23.33,19.5,18.17
Florida,2018,12.78,20.67,17.22,21.22,24.67,27.5,28.0,27.89,28.0,24.72,19.28,16.56
Florida,2023,16.56,19.72,20.61,22.94,24.61,26.94,28.94,29.39,26.94,23.0,,
Georgia,1978,3.44,4.67,11.56,17.89,21.28,25.56,26.78,26.11,24.61,17.44,15.44,9.11
Georgia,1983,5.72,8.5,12.11,14.72,20.89,23.72,27.22,27.33,22.22,18.28,12.0,6.78
Georgia,1988,5.11,8.06,12.83,17.39,20.28,24.67,26.33,26.78,23.39,15.61,13.72,8.5
Georgia,1993,10.17,8.11,11.44,15.0,20.94,25.61,28.39,26.72,24.28,17.78,12.11,7.61
Georgia,1998,9.72,10.17,12.06,16.89,23.39,27.17,28.0,26.39,24.5,19.33,15.33,11.67
Georgia,2003,5.72,9.39,15.0,17.06,22.06,24.5,25.94,26.22,22.83,18.0,15.22,6.83
Georgia,2008,7.22,10.44,13.0,17.0,21.28,26.33,26.5,26.06,23.67,16.89,10.78,10.94
Georgia,2013,11.39,9.33,10.11,17.17,20.22,25.44,25.67,25.56,23.61,18.33,11.78,10.67
Georgia,2018,5.83,15.11,12.5,15.89,23.17,26.28,26.78,26.33,26.56,20.22,11.78,10.11
Georgia,2023,10.83,14.56,15.11,17.83,20.89,24.33,27.56,27.56,23.67,18.33,,
Idaho,1978,-2.44,-1.33,3.0,5.06,7.94,13.56,17.89,16.22,11.89,7.28,-2.0,-8.0
Idaho,1983,-2.0,-0.83,2.22,3.22,9.0,13.11,16.56,19.06,12.22,7.33,0.78,-8.17
Idaho,1988,-6.06,-1.44,1.0,6.83,9.83,16.61,19.39,17.89,12.5,10.78,-0.5,-5.61
Idaho,1993,-7.17,-5.28,1.67,4.22,12.11,12.0,13.44,15.39,12.56,7.28,-3.0,-3.83
Idaho,1998,-2.28,-1.44,1.11,5.17,9.44,12.0,20.61,19.44,15.78,6.28,1.28,-5.22
Idaho,2003,-0.33,-2.72,2.39,4.89,9.94,15.06,21.33,19.83,13.72,9.28,-2.11,-2.17
Idaho,2008,-6.72,-2.44,-0.94,2.39,9.39,13.5,19.17,18.22,13.06,6.94,2.83,-5.22
Idaho,2013,-6.56,-2.5,1.72,4.5,10.56,15.17,20.89,19.78,13.94,5.61,1.0,-6.06
Idaho,2018,-0.89,-3.22,0.94,5.78,12.22,14.28,20.22,18.33,13.44,6.67,0.0,-4.28
Idaho,2023,-4.67,-4.39,-2.28,3.78,12.44,14.0,20.33,18.78,13.67,7.83,,
Illinois,1978,-9.0,-8.39,0.89,11.5,16.0,22.22,23.94,22.78,21.17,11.33,6.28,-1.61
Illinois,1983,-1.78,1.22,5.0,8.22,14.94,22.28,26.17,26.06,19.44,13.0,6.89,-8.17
Illinois,1988,-4.89,-3.39,4.89,11.11,18.11,23.11,25.28,25.56,19.78,9.28,5.78,-0.56
Illinois,1993,-2.33,-2.78,2.67,9.56,17.33,21.39,24.78,23.83,16.44,11.0,4.22,-0.33
Illinois,1998,-0.11,4.44,4.78,11.44,19.67,22.11,24.11,23.78,21.61,13.67,7.56,1.72
Illinois,2003,-5.11,-3.11,5.33,11.94,16.17,19.94,23.78,24.06,17.83,12.5,7.11,1.0
Illinois,2008,-2.83,-3.33,3.89,10.78,15.0,22.89,23.61,22.11,19.5,12.33,5.06,-2.89
Illinois,2013,-1.56,-1.17,1.28,10.11,17.72,21.94,22.83,22.67,20.33,12.5,3.78,-3.22
Illinois,2018,-4.39,-0.11,4.0,7.11,21.5,23.83,23.89,23.72,21.28,12.33,2.0,1.33
Illinois,2023,1.33,2.39,4.94,11.89,17.89,22.0,24.11,23.06,20.22,13.72,,
Indiana,1978,-8.39,-9.28,0.56,10.78,15.28,21.67,23.17,22.17,20.5,10.67,6.67,-0.11
Indiana,1983,-1.39,1.0,5.33,8.28,14.39,21.67,25.39,25.11,19.11,12.72,6.83,-6.39
Indiana,1988,-4.44,-2.89,4.61,10.33,17.28,22.28,24.67,24.56,18.61,8.39,5.89,-0.72
Indiana,1993,-0.94,-3.11,2.78,9.56,16.78,20.78,24.56,23.17,16.39,10.61,5.0,-0.39
Indiana,1998,1.56,4.11,5.17,11.33,19.11,21.72,23.11,23.17,20.89,13.22,7.17,2.44
Indiana,2003,-5.78,-3.5,5.61,11.78,15.83,19.5,22.78,23.22,17.44,11.61,7.78,0.83
Indiana,2008,-2.39,-2.11,3.67,11.28,14.5,22.33,22.94,21.78,19.78,12.06,4.72,-1.61
Indiana,2013,-1.17,-1.0,1.56,10.44,18.0,21.56,22.39,21.94,19.39,12.39,4.0,-1.44
Indiana,2018,-4.17,1.72,3.44,7.28,20.94,23.0,23.39,23.33,21.06,12.72,2.67,1.89
Indiana,2023,2.44,3.56,5.0,11.5,16.67,20.67,23.44,22.11,19.44,13.56,,
Iowa,1978,-13.33,-11.22,-0.61,9.0,15.33,21.0,22.61,21.78,19.72,9.89,1.67,-7.06
Iowa,1983,-4.83,-1.78,2.17,5.89,13.28,20.89,25.11,25.61,17.89,10.56,3.11,-13.56
Iowa,1988,-9.11,-7.39,3.22,9.17,18.44,23.22,24.17,24.33,18.17,7.78,3.0,-3.67
Iowa,1993,-8.0,-7.28,-0.56,7.22,15.11,19.39,22.17,22.0,14.11,9.56,1.0,-3.61
Iowa,1998,-4.72,1.56,0.44,9.83,18.33,19.5,23.22,22.72,20.11,11.72,4.83,-1.44
Iowa,2003,-7.17,-6.44,1.72,10.22,14.39,19.61,22.83,23.39,16.17,11.33,2.17,-2.11
Iowa,2008,-8.56,-8.33,0.33,7.78,14.11,20.72,22.83,21.06,17.5,10.39,2.94,-8.0
Iowa,2013,-5.56,-4.33,-1.67,6.56,15.0,20.5,22.39,22.17,19.44,10.28,1.06,-8.11
Iowa,2018,-7.89,-6.39,1.78,4.06,19.44,22.83,22.83,22.11,18.83,9.0,-1.11,-2.22
Iowa,2023,-4.33,-3.22,1.11,9.67,17.11,21.83,22.22,22.5,19.56,11.89,,
Kansas,1978,-7.17,-6.0,5.11,13.28,16.61,23.5,27.33,25.17,22.33,13.67,5.44,-1.28
Kansas,1983,-0.56,1.94,5.44,8.22,15.22,21.28,27.39,28.78,21.72,14.22,6.5,-8.89
Kansas,1988,-3.67,0.11,6.17,11.33,19.0,25.11,25.61,26.22,20.28,12.06,6.94,2.39
Kansas,1993,-4.0,-2.17,5.0,10.0,16.83,22.0,25.33,24.94,17.5,12.0,3.5,1.94
Kansas,1998,0.33,4.22,3.44,11.06,19.94,23.11,26.44,25.5,23.56,14.72,8.39,1.39
Kansas,2003,-0.11,-0.39,6.78,13.39,17.17,21.33,27.67,26.78,18.39,14.61,5.67,1.83
Kansas,2008,-1.11,0.17,6.22,10.28,17.22,23.22,25.89,24.0,19.11,13.0,7.0,-1.17
Kansas,2013,0.17,0.89,4.61,9.11,17.39,24.0,25.11,24.72,22.28,12.89,5.17,-1.56
Kansas,2018,-1.17,-0.06,7.72,8.67,21.72,25.67,25.94,24.28,21.17,12.0,3.44,1.28
Kansas,2023,0.56,1.78,5.56,12.56,18.78,23.0,25.72,26.0,22.39,14.33,,
Kentucky,1978,-5.28,-4.89,5.06,13.78,16.72,22.56,24.5,23.78,21.72,12.17,9.33,3.0
Kentucky,1983,0.94,3.17,7.78,10.17,16.11,21.83,25.61,26.28,20.56,14.67,8.17,-1.61
Kentucky,1988,-1.0,1.56,7.44,12.67,17.56,22.44,25.22,25.33,19.83,10.0,8.17,2.78
Kentucky,1993,3.17,1.28,5.67,11.72,17.94,22.11,26.28,24.44,19.17,12.5,6.89,2.17
Kentucky,1998,4.89,5.78,8.06,12.5,19.94,23.06,24.44,24.11,22.78,15.11,9.06,4.83
Kentucky,2003,-2.0,0.89,9.33,14.28,17.89,20.39,24.0,24.39,19.0,13.72,10.28,2.78
Kentucky,2008,0.72,3.06,7.33,13.0,16.56,23.5,24.0,23.28,21.67,13.72,6.22,2.61
Kentucky,2013,2.61,2.67,4.11,12.89,18.28,22.72,23.33,23.17,20.61,14.22,6.0,3.0
Kentucky,2018,-1.11,7.0,6.72,10.39,22.11,24.17,24.78,24.33,22.83,14.94,5.5,4.72
Kentucky,2023,5.78,7.61,8.44,13.67,17.78,21.22,24.78,23.67,20.83,15.11,,
Louisiana,1978,4.33,5.67,12.89,19.5,23.61,26.72,28.33,27.61,25.61,19.06,16.78,10.44
Louisiana,1983,8.17,10.33,13.17,16.22,22.0,25.06,27.94,28.11,23.89,19.72,14.5,6.67
Louisiana,1988,6.94,10.33,14.44,19.06,22.11,25.89,27.44,27.61,25.22,18.28,16.06,10.83
Louisiana,1993,10.44,11.0,13.44,16.61,21.72,26.56,28.22,28.67,25.5,19.17,12.44,10.28
Louisiana,1998,11.83,11.78,14.33,18.0,24.89,28.56,29.67,28.78,27.0,21.11,16.33,12.0
Louisiana,2003,7.56,10.39,14.78,19.28,24.67,26.44,27.39,28.06,24.44,19.89,16.61,9.67
Louisiana,2008,9.11,12.89,15.56,19.17,23.22,27.33,28.28,27.28,24.11,18.83,13.78,11.39
Louisiana,2013,11.39,12.33,12.94,18.11,22.06,27.17,27.06,27.78,26.61,20.33,12.78,9.78
Louisiana,2018,6.78,15.83,16.78,17.06,25.44,27.83,28.61,27.78,26.78,21.5,12.67,11.44
Louisiana,2023,13.28,14.67,17.61,19.0,23.83,27.78,29.39,31.06,27.0,20.78,,
Maine,1978,-10.61,-10.72,-5.0,2.33,12.0,15.72,18.56,17.83,10.67,5.94,-0.78,-7.28
Maine,1983,-8.0,-7.0,-1.0,4.83,9.5,16.61,19.0,18.22,14.67,6.83,1.33,-7.56
Maine,1988,-10.0,-8.28,-3.33,4.22,11.83,15.33,19.78,18.72,12.22,5.28,1.94,-8.22
Maine,1993,-9.39,-13.83,-4.11,4.33,10.89,15.44,18.56,18.72,12.83,4.67,0.39,-5.5
Maine,1998,-7.89,-4.33,-1.33,5.22,13.61,15.39,18.94,18.22,13.72,7.33,0.94,-3.22
Maine,2003,-12.67,-11.0,-4.33,2.06,9.78,16.22,18.83,18.89,14.67,7.0,1.89,-5.0
Maine,2008,-7.44,-7.5,-4.94,5.28,10.0,16.22,19.83,17.28,13.44,6.78,1.67,-6.56
Maine,2013,-9.0,-6.67,-0.94,3.94,11.28,16.0,20.17,17.61,13.72,8.5,0.17,-8.33
Maine,2018,-9.44,-5.17,-1.72,2.5,11.94,15.0,20.44,20.0,14.39,5.5,-1.89,-6.44
Maine,2023,-4.33,-7.67,-0.94,5.39,10.78,15.5,21.11,17.5,16.11,10.94,,
Maryland,1978,-2.56,-4.22,4.0,11.0,15.78,21.33,22.83,24.5,19.78,12.33,8.28,3.33
Maryland,1983,0.83,1.33,7.0,10.17,15.89,21.5,24.72,24.39,19.83,13.67,8.0,0.39
Maryland,1988,-2.33,1.56,6.56,10.61,16.94,21.78,25.56,25.0,18.5,10.39,7.89,2.0
Maryland,1993,2.72,-0.33,4.0,11.06,17.78,21.67,25.72,24.06,19.83,12.61,7.56,1.44
Maryland,1998,4.61,4.72,7.17,12.83,18.5,21.44,24.11,23.94,21.94,13.89,8.17,5.39
Maryland,2003,-1.89,-0.56,6.89,11.44,15.39,20.83,24.17,24.5,19.89,12.61,10.33,2.5
Maryland,2008,2.06,2.89,7.11,13.11,15.78,23.5,24.56,22.56,20.44,12.89,6.89,3.67
Maryland,2013,2.39,1.39,4.28,12.44,17.11,22.61,25.44,22.44,18.89,14.5,6.28,3.67
Maryland,2018,-0.56,5.33,4.06,10.39,20.44,22.28,24.56,25.06,22.61,15.0,6.33,4.0
Maryland,2023,5.56,6.06,7.28,14.44,16.06,20.67,25.61,23.89,20.83,15.33,,
Massachusetts,1978,-5.11,-7.11,-0.56,6.22,13.39,18.06,20.33,20.44,14.06,9.06,4.11,-1.56
Massachusetts,1983,-3.28,-2.06,2.94,7.67,12.33,19.06,21.89,20.83,17.61,10.11,5.28,-2.56
Massachusetts,1988,-5.72,-2.89,1.83,6.94,13.56,17.83,22.17,22.0,15.11,7.78,5.17,-2.44
Massachusetts,1993,-2.39,-6.22,-0.11,7.67,14.33,18.28,21.56,21.06,16.0,8.78,4.5,-1.39
Massachusetts,1998,-0.5,0.94,3.28,8.44,15.39,17.89,21.33,21.22,17.22,10.61,4.61,2.0
Massachusetts,2003,-7.22,-5.11,1.39,6.06,12.33,17.78,21.67,21.94,17.0,9.22,6.0,-0.33
Massachusetts,2008,-2.11,-1.89,1.44,8.83,12.33,19.67,22.44,19.56,16.89,9.5,4.39,-0.33
Massachusetts,2013,-2.5,-2.0,1.61,7.94,14.28,19.44,23.89,20.0,16.0,11.0,3.78,-1.44
Massachusetts,2018,-4.17,1.28,1.56,5.72,16.0,18.22,22.94,23.06,18.44,10.17,3.22,0.06
Massachusetts,2023,1.83,0.17,3.11,9.94,13.44,18.11,23.33,20.28,18.11,13.28,,
Michigan,1978,-9.39,-10.78,-3.89,4.44,13.22,16.89,19.11,19.28,16.0,7.94,1.94,-5.56
Michigan,1983,-5.28,-3.0,0.39,4.22,9.56,17.72,22.33,21.06,15.67,8.67,2.56,-9.06
Michigan,1988,-8.0,-8.33,-1.22,6.17,14.06,18.83,21.94,21.0,14.78,5.83,3.0,-4.61
Michigan,1993,-5.89,-7.83,-1.67,4.67,12.17,16.33,20.61,20.17,12.22,7.06,1.0,-3.83
Michigan,1998,-4.0,0.0,0.44,7.61,15.78,17.67,20.44,20.56,17.0,10.06,4.0,-1.22
Michigan,2003,-8.5,-8.72,-1.5,5.22,11.56,16.72,19.89,20.44,15.28,8.11,3.17,-1.89
Michigan,2008,-5.11,-7.67,-2.78,7.61,10.67,18.22,20.17,19.17,15.89,8.22,2.06,-6.22
Michigan,2013,-5.0,-6.17,-2.33,4.17,13.61,17.67,20.44,19.22,15.28,9.33,1.22,-7.06
Michigan,2018,-6.67,-5.0,-1.33,1.78,15.67,18.44,21.39,21.0,16.89,7.72,-0.67,-1.83
Michigan,2023,-2.11,-3.06,-0.33,7.17,12.78,18.17,20.22,18.67,16.67,10.33,,
Minnesota,1978,-17.44,-14.28,-4.17,4.94,14.11,17.61,19.78,19.5,16.33,7.72,-3.61,-13.56
Minnesota,1983,-9.78,-6.0,-1.44,4.06,10.56,17.67,22.67,22.28,14.5,7.11,-0.83,-18.22
Minnesota,1988,-15.28,-13.56,-2.11,6.06,16.33,21.33,22.5,20.72,14.33,4.94,-1.89,-9.72
Minnesota,1993,-13.33,-11.33,-3.61,4.67,12.0,15.94,18.89,19.22,10.89,5.61,-3.78,-9.0
Minnesota,1998,-10.0,-1.78,-2.5,8.22,15.78,16.72,20.56,20.5,16.89,8.72,-0.06,-7.0
Minnesota,2003,-12.17,-12.28,-3.44,6.33,12.39,17.56,20.44,21.22,14.39,8.33,-3.0,-6.33
Minnesota,2008,-13.06,-12.56,-4.72,4.22,10.83,17.17,20.22,19.33,14.83,7.78,-0.67,-13.94
Minnesota,2013,-11.44,-10.56,-6.33,1.11,11.78,17.72,20.56,19.89,16.39,7.17,-2.44,-15.0
Minnesota,2018,-12.0,-13.0,-2.5,0.39,16.17,19.44,20.94,19.67,15.0,4.83,-5.11,-6.56
Minnesota,2023,-9.33,-9.89,-6.0,3.5,15.17,20.5,19.56,19.94,17.5,8.72,,
Mississippi,1978,1.89,3.33,10.72,18.22,21.72,25.89,27.72,26.78,24.89,17.0,15.06,8.17
Mississippi,1983,5.94,8.39,11.44,14.56,20.72,24.06,27.28,27.72,22.72,18.17,12.28,4.67
Mississippi,1988,4.5,7.72,12.44,17.67,20.83,25.39,26.78,27.22,24.17,15.61,14.0,8.39
Mississippi,1993,8.72,8.33,11.33,15.06,20.72,25.72,27.94,27.44,23.5,17.22,10.89,7.83
Mississippi,1998,9.28,9.94,12.72,16.78,23.39,27.56,28.28,27.44,26.0,19.78,14.44,10.06
Mississippi,2003,4.72,8.17,13.56,17.94,22.78,24.78,26.5,27.0,23.0,18.06,14.78,7.17
Mississippi,2008,6.39,10.06,13.5,17.22,21.72,26.22,27.33,25.83,23.39,17.0,11.11,9.06
Mississippi,2013,9.5,9.44,10.22,16.72,20.5,26.06,26.0,26.44,25.0,18.56,10.61,8.17
Mississippi,2018,4.5,13.83,13.94,14.94,24.33,27.0,27.67,26.83,26.06,19.67,10.28,9.44
Mississippi,2023,11.44,13.17,15.5,17.61,22.44,26.11,28.17,29.11,25.39,19.33,,
Missouri,1978,-7.0,-5.83,3.5,13.56,17.17,22.89,26.0,24.17,22.22,12.72,7.56,0.44
Missouri,1983,-0.17,2.89,6.61,9.06,16.11,22.06,26.56,27.72,20.78,14.33,7.94,-7.44
Missouri,1988,-2.39,-1.0,6.78,12.61,19.0,24.0,25.17,25.89,20.28,10.83,7.39,1.89
Missouri,1993,-1.33,-0.72,4.78,10.67,17.44,22.22,25.78,25.22,17.39,11.94,4.67,1.78
Missouri,1998,1.83,5.11,5.06,12.22,20.67,23.11,25.56,24.89,23.0,14.78,9.11,2.44
Missouri,2003,-2.56,-0.44,7.0,13.72,17.5,20.67,25.61,26.0,18.22,14.0,7.94,2.33
Missouri,2008,-0.67,-0.56,6.22,11.22,16.89,23.06,24.78,23.28,19.56,13.17,6.5,-0.56
Missouri,2013,1.0,1.33,3.5,11.17,17.44,22.78,23.89,23.67,21.5,13.28,5.44,-0.94
Missouri,2018,-2.22,2.0,6.67,9.0,22.5,25.22,25.67,24.67,21.83,13.56,3.11,2.67
Missouri,2023,2.89,4.39,6.61,13.44,18.94,23.28,25.5,24.72,21.33,14.94,,
Montana,1978,-12.22,-8.72,-0.67,5.33,9.56,14.78,17.5,16.67,13.0,7.0,-5.56,-10.78
Montana,1983,-3.0,-0.61,0.89,3.72,9.0,14.22,18.44,20.94,11.17,7.06,-0.33,-15.89
Montana,1988,-8.11,-4.22,0.89,6.72,12.61,19.94,19.94,18.44,12.11,8.17,-0.78,-4.94
Montana,1993,-11.0,-9.39,1.33,5.28,12.06,13.22,14.0,15.39,10.89,6.11,-3.78,-3.17
Montana,1998,-7.22,-0.89,-1.72,6.5,11.5,12.44,20.61,20.06,16.33,6.78,0.61,-6.0
Montana,2003,-4.06,-5.89,-1.22,6.72,10.06,14.67,21.28,21.11,12.56,8.61,-4.44,-3.83
Montana,2008,-7.72,-4.33,-0.44,3.11,9.78,13.72,19.17,18.67,12.0,6.5,2.11,-10.0
Montana,2013,-5.72,-2.56,-0.83,2.72,11.06,15.0,19.72,19.61,14.89,4.89,-0.89,-8.67
Montana,2018,-5.72,-11.44,-2.06,3.28,13.17,15.11,19.33,18.06,11.67,5.33,-1.0,-3.89
Montana,2023,-5.06,-4.83,-4.78,4.0,13.56,15.78,19.67,19.33,14.72,5.78,,
Nebraska,1978,-11.17,-9.22,1.61,9.28,14.33,20.78,23.67,21.83,19.22,10.44,0.89,-7.5
Nebraska,1983,-2.5,0.33,2.44,5.44,12.33,19.06,24.61,25.89,18.33,10.89,2.61,-13.39
Nebraska,1988,-8.11,-3.61,3.44,9.0,16.72,23.78,23.44,23.33,17.17,9.39,3.56,-0.83
Nebraska,1993,-7.67,-7.17,2.17,7.5,14.5,18.5,21.56,21.5,14.28,9.39,-0.11,-1.17
Nebraska,1998,-3.0,1.78,-0.11,8.56,16.61,18.33,24.06,23.0,20.61,10.94,4.78,-1.5
Nebraska,2003,-2.83,-3.89,3.72,10.28,14.11,18.94,24.67,24.17,16.17,12.56,1.5,-0.83
Nebraska,2008,-5.94,-3.22,3.0,7.0,13.5,19.72,23.89,21.89,16.78,10.11,3.83,-5.94
Nebraska,2013,-3.61,-1.78,1.56,5.83,14.72,20.44,22.89,23.22,20.0,9.33,2.22,-5.11
Nebraska,2018,-5.0,-5.72,3.61,5.11,17.67,22.33,23.0,21.56,18.72,8.44,0.83,-2.17
Nebraska,2023,-4.0,-2.83,0.89,8.94,16.72,21.0,22.67,23.22,19.61,10.67,,
Nevada,1978,1.17,2.11,7.0,7.11,11.56,17.5,22.0,20.78,14.89,12.44,2.39,-3.11
Nevada,1983,1.06,2.39,4.56,5.17,11.78,17.0,20.39,20.83,17.5,11.22,3.89,0.61
Nevada,1988,-2.33,2.17,4.78,9.11,12.61,19.22,23.89,21.78,16.39,14.44,4.06,-1.61
Nevada,1993,-3.11,-0.89,6.67,8.33,14.61,16.11,19.78,20.33,16.83,10.72,1.83,-0.39
Nevada,1998,1.78,0.83,4.61,6.61,10.0,15.39,23.22,22.89,17.17,8.83,4.17,-0.89
Nevada,2003,4.83,1.17,5.94,6.78,13.89,19.89,25.0,22.44,18.22,13.89,2.17,0.72
Nevada,2008,-2.44,1.44,4.56,7.33,12.33,18.56,23.5,22.89,17.72,11.11,6.89,-1.11
Nevada,2013,-3.33,0.72,7.06,9.11,13.61,20.33,24.61,22.0,16.94,8.94,5.28,-2.0
Nevada,2018,3.61,0.94,4.17,10.0,14.28,19.89,25.0,22.89,18.33,10.17,4.11,0.0
Nevada,2023,-1.5,-0.5,0.94,8.22,14.11,16.61,24.67,21.67,16.61,11.33,,
New Hampshire,1978,-8.78,-10.44,-3.44,3.39,12.72,16.44,19.06,18.39,11.78,6.78,0.83,-5.61
New Hampshire,1983,-6.72,-5.0,0.28,5.56,10.61,17.44,19.89,18.94,15.39,7.67,2.22,-6.22
New Hampshire,1988,-8.78,-6.44,-1.44,5.17,12.67,15.83,20.61,19.78,12.78,5.72,2.17,-6.56
New Hampshire,1993,-6.11,-11.11,-2.83,6.0,12.28,16.33,19.61,19.11,13.5,6.11,1.56,-4.28
New Hampshire,1998,-4.89,-2.33,0.39,6.56,14.22,16.33,19.39,19.06,14.78,8.44,2.28,-1.06
New Hampshire,2003,-11.39,-8.72,-2.0,3.72,11.11,16.94,19.78,19.94,14.78,7.17,3.0,-4.33
New Hampshire,2008,-5.56,-5.44,-2.61,6.67,10.78,17.72,20.17,17.67,14.67,7.22,1.94,-4.22
New Hampshire,2013,-6.56,-4.94,-0.67,5.56,12.72,17.33,21.44,18.22,14.11,8.89,0.67,-5.44
New Hampshire,2018,-7.61,-2.78,-0.94,3.33,14.06,16.33,21.06,20.67,16.17,7.22,-0.44,-4.06
New Hampshire,2023,-1.56,-4.22,0.22,7.17,11.56,16.56,21.33,18.0,16.56,11.28,,
New Jersey,1978,-3.06,-5.28,2.44,9.33,14.33,20.22,22.0,23.33,17.44,11.5,7.33,1.94
New Jersey,1983,-0.28,0.33,5.61,9.61,14.78,20.78,24.28,23.56,19.28,12.5,7.17,-0.11
New Jersey,1988,-3.89,0.17,5.17,9.17,15.61,20.44,24.72,24.11,17.44,9.61,7.39,0.56
New Jersey,1993,1.72,-2.0,2.56,10.17,16.61,20.72,24.61,23.11,18.39,11.33,6.61,1.0
New Jersey,1998,3.78,3.94,6.22,11.33,17.39,20.28,23.56,23.39,20.11,12.89,7.06,4.44
New Jersey,2003,-3.11,-2.11,5.17,9.17,13.83,19.67,23.61,23.94,19.39,11.61,9.17,1.94
New Jersey,2008,1.28,1.78,5.39,11.67,14.39,22.78,24.44,21.83,19.67,11.89,6.5,2.56
New Jersey,2013,1.06,0.44,3.67,10.83,16.06,21.78,25.44,21.89,18.0,13.94,6.06,2.22
New Jersey,2018,-1.56,4.11,3.5,8.89,18.44,21.17,24.56,24.89,21.22,13.56,5.83,3.22
New Jersey,2023,5.06,3.94,5.72,12.94,15.11,19.83,24.94,22.72,19.83,14.56,,
New Mexico,1978,1.17,2.11,7.72,12.11,15.22,21.44,23.67,21.22,17.56,13.0,6.5,-0.22
New Mexico,1983,1.22,3.17,6.33,7.67,14.0,19.17,22.78,22.5,19.89,12.94,6.39,0.67
New Mexico,1988,-0.56,3.94,6.06,10.56,15.39,20.72,22.11,21.22,16.94,13.78,6.56,0.83
New Mexico,1993,2.67,3.44,7.22,11.22,15.83,20.67,23.11,21.39,17.56,11.5,4.44,1.89
New Mexico,1998,2.83,2.94,6.17,9.06,16.56,21.06,23.5,21.94,20.5,13.0,7.61,2.72
New Mexico,2003,4.56,3.67,7.28,11.61,17.33,20.67,24.89,23.06,18.89,14.94,7.0,2.67
New Mexico,2008,0.28,4.22,7.17,10.89,15.67,22.17,22.22,21.67,17.61,12.72,7.0,2.67
New Mexico,2013,0.0,2.28,8.11,11.44,16.44,23.39,22.78,22.39,18.89,11.44,5.94,1.39
New Mexico,2018,2.78,5.17,8.44,12.83,18.61,23.5,23.94,22.78,19.39,12.17,5.11,2.0
New Mexico,2023,2.06,2.94,6.78,11.17,16.83,20.89,25.89,24.0,20.5,14.17,,
New York,1978,-8.39,-10.5,-3.06,4.56,13.06,17.0,19.67,19.67,13.61,7.78,2.56,-3.5
New York,1983,-5.44,-3.89,1.33,5.5,11.11,18.0,20.94,19.94,16.06,9.11,3.06,-5.61
New York,1988,-7.11,-5.78,-0.39,6.17,13.56,16.56,21.67,20.56,14.11,6.56,3.94,-4.22
New York,1993,-4.28,-9.5,-2.44,6.78,12.89,16.89,20.89,19.89,14.22,7.56,2.44,-4.17
New York,1998,-2.5,-1.0,1.56,7.78,15.78,17.61,19.83,20.0,16.17,9.67,3.61,0.44
New York,2003,-9.67,-7.61,-0.17,5.17,12.11,17.0,20.06,20.61,15.83,7.89,4.72,-2.5
New York,2008,-3.39,-4.72,-1.5,9.11,10.94,19.22,20.61,18.22,15.94,8.0,2.44,-3.06
New York,2013,-4.28,-4.83,-0.78,6.33,14.0,17.78,21.78,18.78,14.61,10.44,1.33,-3.67
New York,2018,-7.17,-1.44,-1.17,3.22,15.56,17.44,21.78,21.33,17.56,8.72,0.72,-1.94
New York,2023,-0.83,-2.17,0.28,8.89,12.11,17.28,21.5,18.72,16.44,11.72,,
North Carolina,1978,0.83,0.72,8.17,14.83,18.06,23.0,24.5,25.0,22.11,14.22,12.0,6.17
North Carolina,1983,3.39,4.83,10.06,12.11,18.28,22.06,25.5,25.56,21.0,15.56,9.89,4.11
North Carolina,1988,1.33,5.0,9.56,13.89,18.17,22.22,24.94,25.67,20.39,12.0,10.39,4.83
North Carolina,1993,6.44,4.44,8.06,13.0,19.5,23.56,27.06,24.61,22.06,14.94,10.11,4.33
North Carolina,1998,6.83,7.56,9.67,14.72,20.22,24.33,25.78,24.72,22.89,16.11,11.0,8.33
North Carolina,2003,2.44,5.22,11.56,14.22,18.78,22.5,24.78,25.17,20.78,14.94,13.17,4.61
North Carolina,2008,4.5,7.89,10.56,14.83,18.22,25.06,24.78,24.17,21.56,14.33,8.44,7.83
North Carolina,2013,6.72,5.44,6.67,14.83,18.39,23.5,25.0,23.56,20.78,15.94,8.78,7.44
North Carolina,2018,2.17,11.06,7.94,13.39,22.0,24.89,25.11,25.17,24.56,16.94,9.11,7.22
North Carolina,2023,8.11,10.67,11.11,15.61,17.78,21.56,25.83,25.17,21.5,16.11,,
North Dakota,1978,-19.78,-15.0,-4.06,5.17,14.06,17.28,19.89,19.67,16.22,7.44,-6.0,-13.94
North Dakota,1983,-7.28,-5.0,-2.5,3.61,10.0,17.11,22.33,23.22,13.22,6.67,-1.22,-19.22
North Dakota,1988,-13.72,-11.17,-1.44,6.72,15.61,23.39,22.28,20.61,13.11,5.89,-2.83,-9.0
North Dakota,1993,-14.5,-12.44,-2.11,5.17,12.33,14.89,16.89,18.06,11.22,5.44,-4.33,-8.72
North Dakota,1998,-12.0,-2.33,-5.67,8.28,13.83,15.44,21.22,21.44,16.89,7.44,-1.78,-8.11
North Dakota,2003,-11.83,-12.89,-5.11,7.17,11.83,16.67,21.06,22.33,13.78,8.83,-6.89,-6.5
North Dakota,2008,-12.44,-12.06,-3.06,4.44,10.78,16.0,20.67,20.33,13.72,6.89,-1.39,-15.0
North Dakota,2013,-11.44,-8.44,-8.0,-0.39,11.89,17.39,20.17,20.33,16.67,5.33,-3.22,-15.0
North Dakota,2018,-11.22,-14.78,-4.06,0.72,15.67,19.67,20.72,19.78,12.78,3.94,-5.06,-6.22
North Dakota,2023,-10.44,-9.67,-9.89,1.5,15.56,20.67,19.56,19.89,16.56,6.56,,
Ohio,1978,-7.78,-9.11,0.39,9.61,14.83,20.67,22.17,21.89,19.94,10.0,6.11,0.0
Ohio,1983,-1.72,0.56,5.28,8.33,13.78,20.61,24.17,23.78,18.5,12.06,6.22,-4.56
Ohio,1988,-3.94,-2.33,3.83,9.44,16.17,20.67,24.28,23.56,17.44,8.0,6.0,-0.72
Ohio,1993,0.11,-3.06,2.11,9.33,15.78,20.0,23.72,22.89,16.78,10.39,5.22,-0.61
Ohio,1998,2.0,3.72,5.44,10.67,18.33,20.61,22.22,22.61,20.0,12.33,6.61,2.72
Ohio,2003,-5.83,-3.67,5.0,11.11,15.28,18.89,22.0,22.56,17.11,10.67,8.0,0.44
Ohio,2008,-1.61,-2.0,2.67,11.61,13.89,21.56,22.39,21.33,19.44,11.11,4.39,-0.56
Ohio,2013,-0.83,-1.56,1.67,10.33,17.33,20.83,22.5,21.22,18.06,12.39,3.89,0.0
Ohio,2018,-3.89,2.56,2.44,7.28,20.0,21.89,23.22,23.11,20.89,12.39,3.0,1.72
Ohio,2023,2.61,3.67,4.78,11.28,15.22,19.39,23.11,21.44,18.83,13.22,,
Oklahoma,1978,-3.17,-1.67,8.44,16.89,19.61,25.11,29.78,27.28,24.89,16.72,9.78,2.83
Oklahoma,1983,2.78,5.0,8.56,11.78,18.17,22.78,27.72,29.22,23.67,16.89,10.22,-3.5
Oklahoma,1988,0.33,4.22,9.06,14.22,20.22,25.33,27.22,27.78,22.39,14.72,10.06,5.44
Oklahoma,1993,1.72,3.61,8.67,13.28,18.94,24.5,28.56,27.83,20.89,14.17,6.61,5.33
Oklahoma,1998,4.67,7.11,7.94,13.89,22.22,26.61,29.94,28.11,26.44,17.56,11.33,4.78
Oklahoma,2003,2.89,3.5,9.83,16.06,20.39,22.94,28.5,28.17,20.56,17.11,10.17,5.67
Oklahoma,2008,3.5,5.11,10.44,14.33,20.28,25.67,27.61,26.17,21.17,15.61,10.11,3.67
Oklahoma,2013,4.28,5.06,8.61,12.61,19.44,25.61,26.44,26.83,24.33,15.78,8.11,1.78
Oklahoma,2018,2.56,5.0,11.67,12.33,23.94,27.0,28.17,26.61,23.28,15.61,6.94,4.89
Oklahoma,2023,5.78,6.61,10.22,14.89,20.67,24.89,27.72,28.72,24.83,17.06,,
Oregon,1978,1.72,2.89,6.33,6.0,9.0,14.5,18.22,17.28,12.89,10.0,0.78,-2.72
Oregon,1983,2.11,3.5,5.0,5.44,11.06,13.22,16.22,18.5,13.22,9.44,4.17,-2.28
Oregon,1988,-1.11,3.06,4.17,7.89,10.06,14.67,19.06,18.0,14.5,13.0,3.22,-0.33
Oregon,1993,-3.22,-1.44,4.94,6.22,12.5,13.0,14.22,16.56,15.06,10.33,0.89,0.72
Oregon,1998,1.89,2.11,4.39,6.78,8.94,13.67,20.44,19.72,16.67,8.22,3.61,-1.06
Oregon,2003,3.89,1.67,5.28,5.44,10.67,16.22,21.17,19.22,16.11,11.17,1.61,1.17
Oregon,2008,-1.94,2.11,2.5,4.61,10.89,13.67,19.06,18.44,15.22,9.33,5.78,-1.0
Oregon,2013,-1.28,1.72,4.94,7.0,11.39,15.22,20.78,19.17,14.61,7.89,4.11,-1.28
Oregon,2018,3.06,0.67,3.56,7.22,13.0,14.72,20.56,19.17,14.11,9.33,4.06,0.17
Oregon,2023,0.11,0.28,0.78,6.0,12.94,15.11,20.5,19.78,14.28,10.0,,
Pennsylvania,1978,-6.56,-8.22,-0.06,7.56,13.61,18.39,20.28,21.33,16.83,9.11,4.94,-0.94
Pennsylvania,1983,-2.67,-1.22,3.72,7.33,12.72,19.0,21.89,21.83,16.89,10.61,5.0,-3.78
Pennsylvania,1988,-5.72,-2.89,2.89,7.94,14.61,18.39,23.11,22.17,15.44,7.56,5.22,-1.56
Pennsylvania,1993,-0.89,-4.72,0.44,8.56,14.83,18.78,22.39,21.22,15.89,9.17,4.33,-1.78
Pennsylvania,1998,1.28,2.11,4.22,9.72,16.89,18.67,20.89,21.22,18.17,11.0,5.28,2.22
Pennsylvania,2003,-6.33,-4.56,2.89,8.78,13.39,17.78,20.94,21.61,16.5,9.17,7.06,-0.72
Pennsylvania,2008,-1.56,-2.39,2.0,10.67,12.22,20.44,21.67,19.33,17.44,9.39,3.83,-0.72
Pennsylvania,2013,-1.67,-2.56,1.0,9.28,14.94,19.67,22.61,19.78,16.11,11.89,3.0,-0.67
Pennsylvania,2018,-4.94,1.28,0.56,6.22,17.78,19.22,22.0,22.28,19.28,11.28,2.61,0.83
Pennsylvania,2023,2.17,2.06,3.17,10.89,13.39,18.0,22.39,20.44,17.56,12.28,,
Rhode Island,1978,-4.0,-5.67,0.61,7.22,13.33,18.56,20.56,21.22,15.0,10.33,5.33,0.44
Rhode Island,1983,-1.72,-0.67,3.94,8.22,12.44,19.61,22.56,21.44,18.78,11.22,6.61,-0.56
Rhode Island,1988,-4.0,-1.06,3.22,7.44,13.67,18.22,22.44,22.67,16.22,8.61,6.5,-0.5
Rhode Island,1993,-1.06,-4.22,1.22,8.39,15.0,19.06,22.17,21.83,17.11,10.06,5.94,0.11
Rhode Island,1998,1.28,2.22,4.39,9.11,15.44,18.28,22.0,22.0,18.17,11.5,5.89,3.17
Rhode Island,2003,-4.72,-3.78,2.67,6.78,12.22,17.89,22.06,22.78,18.11,10.39,7.33,1.5
Rhode Island,2008,-0.17,-0.11,3.28,9.61,13.0,20.56,23.28,20.22,17.72,10.67,5.56,1.56
Rhode Island,2013,-0.89,-1.0,2.83,8.72,14.72,20.0,24.67,20.61,16.72,12.22,5.17,0.56
Rhode Island,2018,-2.44,3.17,2.94,6.89,16.33,18.83,23.22,23.94,19.17,11.5,5.0,1.83
Rhode Island,2023,3.39,1.28,4.28,10.61,13.44,18.28,23.67,20.89,18.89,13.89,,
South Carolina,1978,3.0,3.72,10.78,17.33,20.61,25.11,26.67,26.39,24.0,16.56,14.56,8.44
South Carolina,1983,4.94,7.28,11.78,14.06,20.61,23.89,27.39,27.33,22.5,17.61,11.44,6.56
South Carolina,1988,3.78,7.33,12.11,16.5,20.11,24.0,26.5,27.0,22.72,14.39,12.78,7.28
South Carolina,1993,9.0,7.22,10.56,14.67,21.11,25.56,29.0,26.56,24.06,17.22,12.17,6.72
South Carolina,1998,8.94,9.67,11.5,16.67,22.72,26.78,27.94,26.33,24.06,18.44,14.06,10.89
South Carolina,2003,5.28,8.11,13.89,16.17,21.22,24.44,26.11,26.5,22.44,17.33,14.78,6.11
South Carolina,2008,6.61,10.39,12.61,16.5,20.56,26.72,26.56,26.17,23.22,16.28,10.17,10.56
South Carolina,2013,10.11,8.11,9.11,16.72,19.94,25.22,26.0,25.22,23.06,17.89,10.83,9.94
South Carolina,2018,4.78,14.11,11.11,15.56,23.22,26.78,26.78,26.67,26.33,19.39,11.06,9.22
South Carolina,2023,10.28,13.5,13.89,17.33,19.56,23.39,27.39,27.06,23.0,17.72,,
South Dakota,1978,-16.28,-12.56,-1.0,6.56,13.83,18.89,21.78,21.28,18.56,9.22,-2.44,-10.06
South Dakota,1983,-3.78,-1.11,0.33,4.39,11.33,18.0,24.0,25.06,16.0,8.83,0.17,-16.67
South Dakota,1988,-10.39,-7.44,1.28,8.0,16.22,24.06,23.94,22.67,15.44,8.06,0.67,-4.44
South Dakota,1993,-10.56,-10.17,0.28,6.22,13.39,16.44,19.28,20.0,12.78,7.78,-2.11,-4.67
South Dakota,1998,-7.06,0.39,-3.11,8.28,15.17,16.5,23.0,22.33,19.39,9.11,2.22,-3.56
South Dakota,2003,-6.78,-7.33,0.06,8.83,12.78,17.72,23.56,23.78,15.56,11.0,-2.44,-3.0
South Dakota,2008,-8.78,-7.17,0.11,5.61,11.67,17.67,22.61,21.78,15.72,8.44,1.22,-9.94
South Dakota,2013,-7.0,-4.56,-2.17,2.72,13.28,18.5,22.11,22.0,18.78,6.83,0.06,-10.28
South Dakota,2018,-7.72,-11.33,-0.89,2.61,16.72,20.72,22.33,21.06,16.39,6.22,-1.5,-3.72
South Dakota,2023,-6.72,-5.56,-4.5,5.17,16.22,20.94,21.56,22.0,18.28,8.5,,
Tennessee,1978,-2.89,-1.72,7.28,15.28,18.22,23.28,25.44,24.67,22.61,13.28,11.22,4.33
Tennessee,1983,2.33,4.78,8.89,10.94,17.44,22.11,25.72,26.44,20.94,15.61,8.83,0.5
Tennessee,1988,0.44,3.22,9.17,14.0,18.06,23.17,25.11,25.67,20.94,11.33,9.61,4.22
Tennessee,1993,4.94,3.56,7.28,12.56,18.56,23.06,26.94,25.17,20.17,13.78,7.83,4.0
Tennessee,1998,5.89,6.89,9.11,13.78,20.83,24.33,25.56,24.67,23.56,16.44,10.39,6.28
Tennessee,2003,0.11,3.61,10.72,15.22,19.17,21.44,24.56,25.06,20.06,14.72,11.56,3.83
Tennessee,2008,2.44,5.67,9.33,14.0,18.22,24.11,24.89,24.0,21.78,14.39,7.33,4.67
Tennessee,2013,5.0,4.89,5.94,13.78,18.33,23.44,23.78,23.72,21.5,15.28,7.11,4.67
Tennessee,2018,0.5,9.17,9.0,11.61,22.39,24.72,25.61,24.72,23.83,16.11,6.89,5.94
Tennessee,2023,7.22,9.22,10.28,14.33,18.94,22.17,25.17,24.56,21.61,16.11,,
Texas,1978,3.5,4.89,13.0,19.89,23.33,26.78,29.22,27.22,24.17,18.61,13.61,7.56
Texas,1983,6.67,9.17,12.83,15.94,21.5,24.83,27.78,28.22,24.83,19.72,14.17,3.56
Texas,1988,5.56,9.11,13.44,17.78,21.83,25.72,27.28,27.83,24.22,19.06,14.5,9.17
Texas,1993,7.5,9.61,13.33,17.22,21.44,26.11,28.39,28.28,23.89,18.0,10.56,9.56
Texas,1998,10.33,10.61,12.78,17.22,25.11,28.83,30.22,27.94,26.39,20.28,14.72,9.0
Texas,2003,7.89,9.06,14.0,19.22,24.33,25.83,27.83,28.28,23.28,19.67,14.44,9.5
Texas,2008,7.83,11.78,14.67,18.5,23.5,28.28,27.61,27.11,22.94,18.56,13.78,9.0
Texas,2013,8.83,10.94,14.0,17.22,22.5,27.67,27.39,28.5,25.67,19.28,11.61,7.11
Texas,2018,6.56,11.28,16.5,17.22,25.56,28.83,29.17,28.33,24.56,18.56,11.06,9.06
Texas,2023,10.89,11.11,15.78,18.06,23.17,27.94,30.11,30.78,27.61,20.28,,
Utah,1978,-1.22,0.11,5.67,7.67,11.28,18.11,22.17,20.22,15.22,11.17,1.5,-6.17
Utah,1983,-1.22,0.83,3.72,4.56,10.72,16.83,21.11,21.33,17.11,10.22,2.56,-2.67
Utah,1988,-5.61,-0.67,2.56,8.5,12.67,20.33,23.39,21.22,15.33,13.0,2.61,-3.56
Utah,1993,-3.56,-2.17,4.67,7.39,14.0,16.33,19.94,19.89,15.83,8.89,0.06,-2.39
Utah,1998,-0.11,-0.28,3.39,6.33,12.06,15.56,23.11,22.0,17.22,8.78,3.33,-2.78
Utah,2003,1.78,-0.56,4.61,7.67,14.11,18.89,25.11,22.61,16.78,12.78,1.17,-0.94
Utah,2008,-5.11,-0.83,2.89,6.17,11.56,18.33,23.39,22.0,16.61,10.22,4.94,-2.78
Utah,2013,-6.83,-2.44,5.0,7.22,13.33,20.67,23.67,21.67,16.33,8.0,3.33,-4.94
Utah,2018,0.44,0.11,4.0,9.44,14.61,20.61,24.5,22.44,18.78,8.61,1.67,-2.56
Utah,2023,-3.28,-2.89,0.17,6.94,14.33,17.06,24.33,21.56,16.94,10.56,,
Vermont,1978,-10.0,-12.28,-4.56,2.61,12.94,16.17,18.67,17.94,11.22,6.28,0.39,-6.0
Vermont,1983,-7.56,-6.28,-0.72,4.56,10.17,17.0,19.22,18.33,14.83,7.22,1.39,-7.39
Vermont,1988,-9.22,-7.56,-2.67,5.11,12.72,15.06,20.28,19.22,12.33,5.33,1.61,-7.22
Vermont,1993,-6.89,-12.67,-3.78,5.44,11.61,15.56,19.28,18.72,12.94,5.83,0.83,-5.72
Vermont,1998,-5.72,-3.28,-0.39,6.22,14.5,16.56,18.67,18.39,14.33,8.17,1.94,-1.56
Vermont,2003,-12.5,-9.89,-2.33,3.39,11.06,16.5,19.17,19.61,14.67,6.72,2.5,-5.67
Vermont,2008,-5.83,-6.39,-3.44,7.11,10.0,17.61,19.44,17.28,14.72,6.72,1.5,-5.06
Vermont,2013,-7.44,-5.83,-1.39,4.89,12.83,16.67,20.94,17.83,13.61,8.78,-0.11,-5.89
Vermont,2018,-8.61,-3.61,-2.11,2.28,13.61,15.61,20.67,20.22,15.89,6.94,-1.11,-5.0
Vermont,2023,-2.56,-5.0,-1.0,7.17,10.89,16.44,20.89,17.72,16.06,10.89,,
Virginia,1978,-2.33,-2.44,5.39,12.39,16.22,21.5,22.94,24.0,20.61,12.33,9.33,4.0
Virginia,1983,1.11,2.28,7.83,10.44,16.22,21.11,24.17,24.39,19.5,13.44,8.0,1.17
Virginia,1988,-1.39,2.44,7.5,11.78,16.83,21.0,24.44,24.61,18.44,10.0,7.94,2.5
Virginia,1993,3.78,1.56,5.17,11.56,17.89,21.67,25.67,23.72,20.22,12.67,7.94,1.89
Virginia,1998,4.83,5.28,7.44,13.11,18.61,22.06,24.06,23.67,22.0,14.11,8.56,5.89
Virginia,2003,-0.5,1.56,8.89,12.61,16.5,20.5,23.61,24.17,19.28,12.89,10.83,2.67
Virginia,2008,2.22,4.61,8.22,13.28,16.28,23.33,23.67,22.39,20.11,12.67,6.72,4.56
Virginia,2013,3.61,2.67,4.5,13.33,16.94,22.33,24.22,22.11,19.06,14.22,6.5,4.61
Virginia,2018,-0.11,7.33,5.11,11.22,20.94,22.83,23.94,24.0,22.67,15.0,6.56,4.28
Virginia,2023,5.94,7.94,8.61,14.33,16.39,20.06,24.89,23.56,20.22,15.0,,
Washington,1978,-0.28,2.22,5.17,7.11,9.89,15.61,18.11,17.0,12.83,8.67,-0.11,-3.44
Washington,1983,2.0,3.28,5.72,7.22,12.22,13.78,16.0,18.33,12.28,8.06,4.22,-5.17
Washington,1988,-1.61,2.33,4.22,8.28,10.89,14.06,17.78,17.67,14.06,11.28,3.39,-0.44
Washington,1993,-4.22,-1.22,3.94,7.0,13.89,13.94,14.89,16.94,14.67,10.06,0.33,0.28
Washington,1998,0.0,3.17,5.0,7.78,11.61,14.89,20.56,19.33,16.78,8.33,4.22,-1.0
Washington,2003,2.28,1.89,5.0,7.0,10.72,16.0,19.72,18.83,15.56,10.33,0.72,-0.22
Washington,2008,-2.56,1.89,2.78,4.89,11.72,13.44,18.0,17.78,14.33,8.11,4.56,-3.22
Washington,2013,-1.61,1.94,4.56,7.06,11.94,14.83,19.56,19.0,15.39,7.83,2.61,-2.11
Washington,2018,1.89,0.22,3.78,7.39,14.22,14.56,19.72,18.89,13.5,8.56,3.67,0.61
Washington,2023,0.72,0.33,2.67,6.28,14.56,15.94,19.67,19.78,14.67,9.56,,
West Virginia,1978,-5.72,-6.17,3.33,10.89,14.67,19.78,21.61,22.33,19.61,10.33,7.39,1.44
West Virginia,1983,-0.89,0.89,5.83,8.83,14.22,19.61,22.5,22.89,17.56,12.06,6.22,-1.56
West Virginia,1988,-3.11,0.0,5.5,10.33,15.39,19.28,23.17,23.33,17.28,8.0,6.39,0.56
West Virginia,1993,2.39,-0.61,3.22,10.11,16.0,19.78,23.67,22.39,18.11,10.89,6.11,0.39
West Virginia,1998,3.11,3.89,5.89,11.33,17.44,20.0,22.0,22.0,19.83,12.44,6.67,3.56
West Virginia,2003,-3.61,-0.83,7.22,11.89,15.44,18.39,21.78,22.44,17.56,11.06,8.78,0.44
West Virginia,2008,-0.67,1.44,5.61,12.44,13.94,20.94,21.44,20.39,19.17,11.0,4.44,1.78
West Virginia,2013,1.06,0.17,2.44,11.61,15.83,20.67,22.44,20.67,17.72,12.61,4.39,2.22
West Virginia,2018,-2.78,5.39,3.33,8.72,19.94,21.11,22.5,22.44,21.33,12.94,4.44,2.61
West Virginia,2023,3.83,5.28,6.11,12.11,14.67,18.22,22.78,21.44,18.61,13.28,,
Wisconsin,1978,-13.5,-12.28,-3.33,5.22,13.61,17.5,19.39,19.44,16.56,7.72,-0.67,-9.78
Wisconsin,1983,-7.39,-3.78,-0.28,4.17,9.94,18.06,22.67,21.67,15.06,8.33,1.22,-13.94
Wisconsin,1988,-12.33,-10.78,-0.83,6.67,15.28,20.11,22.44,21.61,15.17,5.11,1.06,-7.33
Wisconsin,1993,-9.39,-8.44,-2.0,4.33,12.67,16.39,19.94,19.94,11.39,6.72,-1.0,-5.78
Wisconsin,1998,-6.5,-0.22,-0.39,8.33,16.06,17.5,20.78,20.5,17.28,9.44,2.89,-3.67
Wisconsin,2003,-10.17,-10.17,-1.61,5.89,12.11,17.28,20.22,21.17,15.22,8.22,0.5,-4.0
Wisconsin,2008,-9.61,-10.44,-3.67,6.06,11.11,18.0,20.56,19.17,15.83,8.17,0.72,-10.72
Wisconsin,2013,-8.44,-8.33,-4.5,3.22,12.89,17.72,20.5,19.78,16.0,8.17,-0.67,-11.17
Wisconsin,2018,-9.33,-8.83,-1.28,0.83,16.67,19.17,21.0,20.28,16.22,6.44,-2.61,-3.83
Wisconsin,2023,-5.0,-5.72,-1.83,6.33,13.78,19.22,20.28,19.83,17.33,9.67,,
Wyoming,1978,-8.5,-6.72,0.39,4.89,7.89,14.22,18.06,16.06,12.44,6.61,-4.44,-11.67
Wyoming,1983,-3.22,-2.5,0.0,1.22,6.94,13.39,18.56,20.0,12.67,7.06,-1.94,-12.72
Wyoming,1988,-8.5,-4.5,-1.56,5.67,10.44,19.11,20.22,18.22,11.89,8.56,-1.61,-5.94
Wyoming,1993,-8.72,-8.89,0.0,3.56,10.44,12.39,14.94,15.78,10.83,5.11,-4.5,-5.06
Wyoming,1998,-5.17,-3.11,-2.0,4.17,10.22,11.33,20.0,18.44,15.5,6.22,0.61,-5.94
Wyoming,2003,-2.22,-6.56,0.0,5.94,9.89,13.39,21.22,20.06,11.61,8.33,-4.0,-4.0
Wyoming,2008,-8.78,-4.78,-2.0,2.06,8.22,13.56,19.44,18.0,11.56,6.06,1.83,-7.28
Wyoming,2013,-6.72,-5.22,-0.39,1.5,10.22,15.94,19.89,19.28,14.06,4.06,-0.39,-7.72
Wyoming,2018,-3.83,-7.06,0.17,4.28,11.61,15.78,19.61,17.56,14.0,5.0,-1.89,-5.83
Wyoming,2023,-6.78,-6.28,-4.28,2.72,11.78,14.06,19.0,18.28,14.17,6.39,,
Alaska,1978,-10.67,-12.11,-10.17,-3.06,4.17,8.28,11.89,11.17,5.89,-4.44,-8.33,-12.11
Alaska,1983,-18.33,-13.56,-10.44,-2.94,4.0,10.11,12.0,8.72,2.67,-5.56,-8.72,-12.22
Alaska,1988,-13.56,-12.83,-10.11,-4.0,4.61,10.11,12.5,9.89,4.39,-6.33,-14.83,-12.33
Alaska,1993,-16.0,-11.89,-8.5,-0.89,5.67,10.83,13.78,10.06,4.28,-1.17,-9.0,-11.17
Alaska,1998,-17.44,-12.0,-6.56,-0.78,4.0,9.94,12.67,8.72,5.33,-2.56,-9.44,-15.67
Alaska,2003,-12.11,-8.61,-11.67,-2.33,3.56,10.67,11.94,10.33,3.89,-0.17,-9.56,-15.22
Alaska,2008,-17.56,-16.83,-10.78,-5.0,3.94,9.33,10.67,9.11,5.11,-7.28,-12.44,-14.44
Alaska,2013,-12.33,-14.28,-11.67,-8.5,1.78,12.17,12.78,10.78,4.22,1.11,-10.17,-13.89
Alaska,2018,-14.06,-10.78,-7.78,-2.89,4.11,10.0,13.11,9.78,6.83,1.0,-7.17,-12.72
Alaska,2023,-11.67,-14.44,-10.28,-8.5,4.33,9.94,13.39,11.83,4.78,-2.33,,
